core.externalId,core.name,core.description,core.businessDescription,core.businessName,core.reference,custom.PowerBI.v3.FieldType
Sample_Sales_Report_78752638/ReportSection1/Visual1_barChart/sales_vw_region,Region,sales_vw.region,Region,Region,,Source Column
Sample_Sales_Report_78752638/ds_sales_vw/region,region,region,region,region,,Source Column
Sample_Sales_Report_78752638/ReportSection1/Visual1_barChart/sales_vw_total_revenue,Total Revenue,sales_vw.total_revenue,Total Revenue,Total Revenue,,Measure
Sample_Sales_Report_78752638/ds_sales_vw/total_revenue,total_revenue,total_revenue,total_revenue,total_revenue,,Measure
Sample_Sales_Report_78752638/ReportSection1/Visual2_pieChart/customer_vw_segment,Segment,customer_vw.segment,Segment,Segment,,Source Column
Sample_Sales_Report_78752638/ds_customer_vw/segment,segment,segment,segment,segment,,Source Column
Sample_Sales_Report_78752638/ReportSection1/Visual2_pieChart/customer_vw_customer_count,Customer Count,customer_vw.customer_count,Customer Count,Customer Count,,Measure
Sample_Sales_Report_78752638/ds_customer_vw/customer_count,customer_count,customer_count,customer_count,customer_count,,Measure
Sample_Sales_Report_78752638/ReportSection2/Visual1_tableEx/customer_vw_customer_name,Customer Name,customer_vw.customer_name,Customer Name,Customer Name,,Source Column
Sample_Sales_Report_78752638/ds_customer_vw/customer_name,customer_name,customer_name,customer_name,customer_name,,Source Column
Sample_Sales_Report_78752638/ReportSection2/Visual1_tableEx/customer_vw_region,Region,customer_vw.region,Region,Region,,Source Column
Sample_Sales_Report_78752638/ds_customer_vw/region,region,region,region,region,,Source Column
Sample_Sales_Report_78752638/ReportSection2/Visual1_tableEx/customer_vw_lifetime_value,Lifetime Value,customer_vw.lifetime_value,Lifetime Value,Lifetime Value,,Measure
Sample_Sales_Report_78752638/ds_customer_vw/lifetime_value,lifetime_value,lifetime_value,lifetime_value,lifetime_value,,Measure
Simpfy_project_96010eb4/605491f5f08a57683ed5/Visual1_card/Min_simpfy_projects_vw_corp_initiative_name,Corporate Initiatives,Min(simpfy_projects_vw.corp_initiative_name),Corporate Initiatives,Corporate Initiatives,,Measure
Simpfy_project_96010eb4/ds_simpfy_projects_vw/corp_initiative_name,corp_initiative_name,corp_initiative_name,corp_initiative_name,corp_initiative_name,,Measure
Simpfy_project_96010eb4/605491f5f08a57683ed5/Visual2_card/Min_simpfy_projects_vw_segment_initiative_name,Segment Initiatives,Min(simpfy_projects_vw.segment_initiative_name),Segment Initiatives,Segment Initiatives,,Measure
Simpfy_project_96010eb4/ds_simpfy_projects_vw/segment_initiative_name,segment_initiative_name,segment_initiative_name,segment_initiative_name,segment_initiative_name,,Measure
Simpfy_project_96010eb4/605491f5f08a57683ed5/Visual3_card/simpfy_projects_vw_distinct_count_enablers_with,Enablers,simpfy_projects_vw.distinct_count_enablers_with__,Enablers,Enablers,,Measure
Simpfy_project_96010eb4/ds_simpfy_projects_vw/distinct_count_enablers_with,distinct_count_enablers_with__,distinct_count_enablers_with__,distinct_count_enablers_with__,distinct_count_enablers_with__,,Measure
Simpfy_project_96010eb4/605491f5f08a57683ed5/Visual4_slicer/simpfy_projects_vw_corp_initiative_name,Corporate Initiatives,simpfy_projects_vw.corp_initiative_name,Corporate Initiatives,Corporate Initiatives,,Source Column
Simpfy_project_96010eb4/605491f5f08a57683ed5/Visual5_slicer/simpfy_projects_vw_project_country,Country,simpfy_projects_vw.project_country,Country,Country,,Source Column
Simpfy_project_96010eb4/ds_simpfy_projects_vw/project_country,project_country,project_country,project_country,project_country,,Source Column
Simpfy_project_96010eb4/605491f5f08a57683ed5/Visual6_slicer/simpfy_projects_vw_Enablers,Enablers,simpfy_projects_vw.Enablers,Enablers,Enablers,,Source Column
Simpfy_project_96010eb4/ds_simpfy_projects_vw/Enablers,Enablers,Enablers,Enablers,Enablers,,Source Column
Simpfy_project_96010eb4/605491f5f08a57683ed5/Visual7_slicer/simpfy_projects_vw_segment_name,Segment,simpfy_projects_vw.segment_name,Segment,Segment,,Source Column
Simpfy_project_96010eb4/ds_simpfy_projects_vw/segment_name,segment_name,segment_name,segment_name,segment_name,,Source Column
Simpfy_project_96010eb4/605491f5f08a57683ed5/Visual8_slicer/simpfy_projects_vw_Pillars,Pillars,simpfy_projects_vw.Pillars,Pillars,Pillars,,Source Column
Simpfy_project_96010eb4/ds_simpfy_projects_vw/Pillars,Pillars,Pillars,Pillars,Pillars,,Source Column
Simpfy_project_96010eb4/605491f5f08a57683ed5/Visual9_slicer/simpfy_projects_vw_start_year,Project Start Date,simpfy_projects_vw.start_year,Project Start Date,Project Start Date,,Source Column
Simpfy_project_96010eb4/ds_simpfy_projects_vw/start_year,start_year,start_year,start_year,start_year,,Source Column
Simpfy_project_96010eb4/605491f5f08a57683ed5/Visual10_filledMap/CountNonNull_simpfy_projects_vw_project_id,Count of project_id,CountNonNull(simpfy_projects_vw.project_id),Count of project_id,Count of project_id,,Measure
Simpfy_project_96010eb4/ds_simpfy_projects_vw/project_id,project_id,project_id,project_id,project_id,,Measure
Simpfy_project_96010eb4/605491f5f08a57683ed5/Visual10_filledMap/CountNonNull_simpfy_projects_vw_project_version_id,Project count,CountNonNull(simpfy_projects_vw.project_version_id),Project count,Project count,,Measure
Simpfy_project_96010eb4/ds_simpfy_projects_vw/project_version_id,project_version_id,project_version_id,project_version_id,project_version_id,,Measure
Simpfy_project_96010eb4/605491f5f08a57683ed5/Visual10_filledMap/simpfy_projects_vw_project_country,project_country,simpfy_projects_vw.project_country,project_country,project_country,,Source Column
Simpfy_project_96010eb4/605491f5f08a57683ed5/Visual11_barChart/Count_simpfy_projects_vw_project_name,Count of projects,Count(simpfy_projects_vw.project_name),Count of projects,Count of projects,,Measure
Simpfy_project_96010eb4/ds_simpfy_projects_vw/project_name,project_name,project_name,project_name,project_name,,Measure
Simpfy_project_96010eb4/605491f5f08a57683ed5/Visual11_barChart/simpfy_projects_vw_segment_name_abbreviated,Segment name,simpfy_projects_vw.segment_name_abbreviated,Segment name,Segment name,,Source Column
Simpfy_project_96010eb4/ds_simpfy_projects_vw/segment_name_abbreviated,segment_name_abbreviated,segment_name_abbreviated,segment_name_abbreviated,segment_name_abbreviated,,Source Column
Simpfy_project_96010eb4/605491f5f08a57683ed5/Visual11_barChart/Min_simpfy_projects_vw_segment_name,Segment full name,Min(simpfy_projects_vw.segment_name),Segment full name,Segment full name,,Measure
Simpfy_project_96010eb4/605491f5f08a57683ed5/Visual11_barChart/LastMilestonesTable_LastMilestoneStatus,LastMilestoneStatus,LastMilestonesTable.LastMilestoneStatus,LastMilestoneStatus,LastMilestoneStatus,,Source Column
Simpfy_project_96010eb4/ds_LastMilestonesTable/LastMilestoneStatus,LastMilestoneStatus,LastMilestoneStatus,LastMilestoneStatus,LastMilestoneStatus,,Source Column
Simpfy_project_96010eb4/605491f5f08a57683ed5/Visual12_pieChart/simpfy_projects_vw_project_type,Project type,simpfy_projects_vw.project_type,Project type,Project type,,Source Column
Simpfy_project_96010eb4/ds_simpfy_projects_vw/project_type,project_type,project_type,project_type,project_type,,Source Column
Simpfy_project_96010eb4/605491f5f08a57683ed5/Visual12_pieChart/simpfy_projects_vw_Total_cost_distinct_project_currency2,Cost,simpfy_projects_vw.Total cost distinct project currency2,Cost,Cost,,Measure
Simpfy_project_96010eb4/ds_simpfy_projects_vw/Total_cost_distinct_project_currency2,Total cost distinct project currency2,Total cost distinct project currency2,Total cost distinct project currency2,Total cost distinct project currency2,,Measure
Simpfy_project_96010eb4/605491f5f08a57683ed5/Visual12_pieChart/Stage_sort_Stage,Stage,Stage_sort.Stage,Stage,Stage,,Source Column
Simpfy_project_96010eb4/ds_Stage_sort/Stage,Stage,Stage,Stage,Stage,,Source Column
Simpfy_project_96010eb4/605491f5f08a57683ed5/Visual13_card/Min_simpfy_projects_vw_project_name,Projects,Min(simpfy_projects_vw.project_name),Projects,Projects,,Measure
Simpfy_project_96010eb4/605491f5f08a57683ed5/Visual14_card/simpfy_challenges_vw_Blank_challenges_count,Key challenges,simpfy_challenges_vw.Blank challenges count,Key challenges,Key challenges,,Measure
Simpfy_project_96010eb4/ds_simpfy_challenges_vw/Blank_challenges_count,Blank challenges count,Blank challenges count,Blank challenges count,Blank challenges count,,Measure
Simpfy_project_96010eb4/605491f5f08a57683ed5/Visual15_card/simpfy_projects_vw_distinct_count_pillars,Pillars,simpfy_projects_vw.distinct_count_pillars,Pillars,Pillars,,Measure
Simpfy_project_96010eb4/ds_simpfy_projects_vw/distinct_count_pillars,distinct_count_pillars,distinct_count_pillars,distinct_count_pillars,distinct_count_pillars,,Measure
Simpfy_project_96010eb4/605491f5f08a57683ed5/Visual16_card/simpfy_projects_vw_Dynamic_display_unit_tc,Dynamic display unit_tc,simpfy_projects_vw.Dynamic display unit_tc,Dynamic display unit_tc,Dynamic display unit_tc,,Measure
Simpfy_project_96010eb4/ds_simpfy_projects_vw/Dynamic_display_unit_tc,Dynamic display unit_tc,Dynamic display unit_tc,Dynamic display unit_tc,Dynamic display unit_tc,,Measure
Simpfy_project_96010eb4/605491f5f08a57683ed5/Visual17_card/simpfy_projects_vw_Dynamic_display_unit_tc,"Total Cost, USD",simpfy_projects_vw.Dynamic display unit_tc,"Total Cost, USD","Total Cost, USD",,Measure
Simpfy_project_96010eb4/605491f5f08a57683ed5/Visual18_barChart/simpfy_projects_vw_Total_cost_distinct_project,Total cost,simpfy_projects_vw.Total cost distinct project,Total cost,Total cost,,Measure
Simpfy_project_96010eb4/ds_simpfy_projects_vw/Total_cost_distinct_project,Total cost distinct project,Total cost distinct project,Total cost distinct project,Total cost distinct project,,Measure
Simpfy_project_96010eb4/605491f5f08a57683ed5/Visual18_barChart/simpfy_projects_vw_segment_name_abbreviated,Segment name,simpfy_projects_vw.segment_name_abbreviated,Segment name,Segment name,,Source Column
Simpfy_project_96010eb4/605491f5f08a57683ed5/Visual18_barChart/Min_simpfy_projects_vw_segment_name,Segment full name,Min(simpfy_projects_vw.segment_name),Segment full name,Segment full name,,Measure
Simpfy_project_96010eb4/605491f5f08a57683ed5/Visual18_barChart/simpfy_projects_vw_Total_cost_distinct_project_for_label_formatted,Total cost distinct project for label formatted,simpfy_projects_vw.Total cost distinct project for label formatted,Total cost distinct project for label formatted,Total cost distinct project for label formatted,,Measure
Simpfy_project_96010eb4/ds_simpfy_projects_vw/Total_cost_distinct_project_for_label_formatted,Total cost distinct project for label formatted,Total cost distinct project for label formatted,Total cost distinct project for label formatted,Total cost distinct project for label formatted,,Measure
Simpfy_project_96010eb4/605491f5f08a57683ed5/Visual19_card/simpfy_projects_vw_socar_share_distinct,"SOCAR Share, USD",simpfy_projects_vw.socar_share_distinct,"SOCAR Share, USD","SOCAR Share, USD",,Measure
Simpfy_project_96010eb4/ds_simpfy_projects_vw/socar_share_distinct,socar_share_distinct,socar_share_distinct,socar_share_distinct,socar_share_distinct,,Measure
Simpfy_project_96010eb4/40e9ffb52e9275b54eb3/Visual1_barChart/simpfy_challenges_vw_risk_level,Risk level,simpfy_challenges_vw.risk_level,Risk level,Risk level,,Source Column
Simpfy_project_96010eb4/ds_simpfy_challenges_vw/risk_level,risk_level,risk_level,risk_level,risk_level,,Source Column
Simpfy_project_96010eb4/40e9ffb52e9275b54eb3/Visual1_barChart/CountNonNull_simpfy_challenges_vw_challange_id,Count of challanges,CountNonNull(simpfy_challenges_vw.challange_id),Count of challanges,Count of challanges,,Measure
Simpfy_project_96010eb4/ds_simpfy_challenges_vw/challange_id,challange_id,challange_id,challange_id,challange_id,,Measure
Simpfy_project_96010eb4/40e9ffb52e9275b54eb3/Visual1_barChart/Min_simpfy_challenges_vw_risk_level,First risk_level,Min(simpfy_challenges_vw.risk_level),First risk_level,First risk_level,,Measure
Simpfy_project_96010eb4/40e9ffb52e9275b54eb3/Visual2_donutChart/simpfy_challenges_vw_segment_name_abbreviated,Segment Name,simpfy_challenges_vw.segment_name_abbreviated,Segment Name,Segment Name,,Source Column
Simpfy_project_96010eb4/ds_simpfy_challenges_vw/segment_name_abbreviated,segment_name_abbreviated,segment_name_abbreviated,segment_name_abbreviated,segment_name_abbreviated,,Source Column
Simpfy_project_96010eb4/40e9ffb52e9275b54eb3/Visual2_donutChart/simpfy_challenges_vw_segment_name,Segment Name,simpfy_challenges_vw.segment_name,Segment Name,Segment Name,,Source Column
Simpfy_project_96010eb4/ds_simpfy_challenges_vw/segment_name,segment_name,segment_name,segment_name,segment_name,,Source Column
Simpfy_project_96010eb4/40e9ffb52e9275b54eb3/Visual2_donutChart/CountNonNull_simpfy_challenges_vw_challange_id,Count of challanges,CountNonNull(simpfy_challenges_vw.challange_id),Count of challanges,Count of challanges,,Measure
Simpfy_project_96010eb4/40e9ffb52e9275b54eb3/Visual3_card/CountNonNull_simpfy_challenges_vw_challange_id,Count of challange_id,CountNonNull(simpfy_challenges_vw.challange_id),Count of challange_id,Count of challange_id,,Measure
Simpfy_project_96010eb4/40e9ffb52e9275b54eb3/Visual4_donutChart/simpfy_challenges_vw_challenge_type_abbreviated,Challenge Type,simpfy_challenges_vw.challenge_type_abbreviated,Challenge Type,Challenge Type,,Source Column
Simpfy_project_96010eb4/ds_simpfy_challenges_vw/challenge_type_abbreviated,challenge_type_abbreviated,challenge_type_abbreviated,challenge_type_abbreviated,challenge_type_abbreviated,,Source Column
Simpfy_project_96010eb4/40e9ffb52e9275b54eb3/Visual4_donutChart/CountNonNull_simpfy_challenges_vw_challange_id,Count of challanges,CountNonNull(simpfy_challenges_vw.challange_id),Count of challanges,Count of challanges,,Measure
Simpfy_project_96010eb4/40e9ffb52e9275b54eb3/Visual5_pieChart/simpfy_challenges_vw_challenge_impact_level,Challenge impact level,simpfy_challenges_vw.challenge_impact_level,Challenge impact level,Challenge impact level,,Source Column
Simpfy_project_96010eb4/ds_simpfy_challenges_vw/challenge_impact_level,challenge_impact_level,challenge_impact_level,challenge_impact_level,challenge_impact_level,,Source Column
Simpfy_project_96010eb4/40e9ffb52e9275b54eb3/Visual5_pieChart/CountNonNull_simpfy_challenges_vw_challange_id,Count of challanges,CountNonNull(simpfy_challenges_vw.challange_id),Count of challanges,Count of challanges,,Measure
Simpfy_project_96010eb4/40e9ffb52e9275b54eb3/Visual6_tableEx/simpfy_challenges_vw_segment_name,Segment,simpfy_challenges_vw.segment_name,Segment,Segment,,Source Column
Simpfy_project_96010eb4/40e9ffb52e9275b54eb3/Visual6_tableEx/simpfy_challenges_vw_title,Challenges,simpfy_challenges_vw.title,Challenges,Challenges,,Source Column
Simpfy_project_96010eb4/ds_simpfy_challenges_vw/challenge_title__area_of_concern,challenge title (area of concern),challenge title (area of concern),challenge title (area of concern),challenge title (area of concern),,Source Column
Simpfy_project_96010eb4/40e9ffb52e9275b54eb3/Visual6_tableEx/simpfy_challenges_vw_description,Description,simpfy_challenges_vw.description,Description,Description,,Source Column
Simpfy_project_96010eb4/ds_simpfy_challenges_vw/description,description,description,description,description,,Source Column
Simpfy_project_96010eb4/40e9ffb52e9275b54eb3/Visual6_tableEx/simpfy_challenges_vw_potential_impact,Potential lmpact,simpfy_challenges_vw.potential_impact,Potential lmpact,Potential lmpact,,Source Column
Simpfy_project_96010eb4/ds_simpfy_challenges_vw/potential_impact,potential_impact,potential_impact,potential_impact,potential_impact,,Source Column
Simpfy_project_96010eb4/40e9ffb52e9275b54eb3/Visual6_tableEx/simpfy_challenges_vw_planned_actions,Resolution Actions,simpfy_challenges_vw.planned_actions,Resolution Actions,Resolution Actions,,Source Column
Simpfy_project_96010eb4/ds_simpfy_challenges_vw/planned_actions_resolution_actions,planned_actions(resolution actions),planned_actions(resolution actions),planned_actions(resolution actions),planned_actions(resolution actions),,Source Column
Simpfy_project_96010eb4/40e9ffb52e9275b54eb3/Visual6_tableEx/simpfy_challenges_vw_risk_level,Risk Level,simpfy_challenges_vw.risk_level,Risk Level,Risk Level,,Source Column
Simpfy_project_96010eb4/40e9ffb52e9275b54eb3/Visual6_tableEx/simpfy_challenges_vw_challenge_type,Challenge Type,simpfy_challenges_vw.challenge_type,Challenge Type,Challenge Type,,Source Column
Simpfy_project_96010eb4/ds_simpfy_challenges_vw/challenge_type,challenge_type,challenge_type,challenge_type,challenge_type,,Source Column
Simpfy_project_96010eb4/40e9ffb52e9275b54eb3/Visual6_tableEx/simpfy_challenges_vw_CombinedResolutionPartners2,Resolution Partners,simpfy_challenges_vw.CombinedResolutionPartners2,Resolution Partners,Resolution Partners,,Source Column
Simpfy_project_96010eb4/ds_simpfy_challenges_vw/CombinedResolutionPartners2,CombinedResolutionPartners2,CombinedResolutionPartners2,CombinedResolutionPartners2,CombinedResolutionPartners2,,Source Column
Simpfy_project_96010eb4/40e9ffb52e9275b54eb3/Visual6_tableEx/simpfy_challenges_vw___ProjectName_Combined,Project Names,"simpfy_challenges_vw.""""ProjectName_Combined",Project Names,Project Names,,Source Column
Simpfy_project_96010eb4/ds_simpfy_challenges_vw/ProjectName_Combined,"""""ProjectName_Combined","""""ProjectName_Combined","""""ProjectName_Combined","""""ProjectName_Combined",,Source Column
Simpfy_project_96010eb4/40e9ffb52e9275b54eb3/Visual6_tableEx/simpfy_challenges_vw_Status,Status,simpfy_challenges_vw.Status,Status,Status,,Source Column
Simpfy_project_96010eb4/ds_simpfy_challenges_vw/Status,Status,Status,Status,Status,,Source Column
Simpfy_project_96010eb4/40e9ffb52e9275b54eb3/Visual7_card/CountNonNull_simpfy_challenges_vw_challange_id,Count of challange_id,CountNonNull(simpfy_challenges_vw.challange_id),Count of challange_id,Count of challange_id,,Measure
Simpfy_project_96010eb4/40e9ffb52e9275b54eb3/Visual8_slicer/Unique_Projects_project_name,Project Name,Unique_Projects.project_name,Project Name,Project Name,,Source Column
Simpfy_project_96010eb4/ds_Unique_Projects/project_name,project_name,project_name,project_name,project_name,,Source Column
Simpfy_project_96010eb4/40e9ffb52e9275b54eb3/Visual9_slicer/simpfy_challenges_vw_challange_partner,Resolution partner,simpfy_challenges_vw.challange_partner,Resolution partner,Resolution partner,,Source Column
Simpfy_project_96010eb4/ds_simpfy_challenges_vw/challange_partner,challange_partner,challange_partner,challange_partner,challange_partner,,Source Column
Simpfy_project_96010eb4/40e9ffb52e9275b54eb3/Visual10_slicer/simpfy_challenges_vw_Status,Status,simpfy_challenges_vw.Status,Status,Status,,Source Column
Simpfy_project_96010eb4/40e9ffb52e9275b54eb3/Visual11_slicer/simpfy_challenges_vw_risk_level,Risk level,simpfy_challenges_vw.risk_level,Risk level,Risk level,,Source Column
Simpfy_project_96010eb4/40e9ffb52e9275b54eb3/Visual12_slicer/simpfy_challenges_vw_Challenge_status,Challenge Status,simpfy_challenges_vw.Challenge status,Challenge Status,Challenge Status,,Source Column
Simpfy_project_96010eb4/ds_simpfy_challenges_vw/Challenge_status,Challenge status,Challenge status,Challenge status,Challenge status,,Source Column
Simpfy_project_96010eb4/40e9ffb52e9275b54eb3/Visual13_slicer/simpfy_challenges_vw_segment_name,Segment,simpfy_challenges_vw.segment_name,Segment,Segment,,Source Column
Simpfy_project_96010eb4/b51059fb8d292d8e5770/Visual1_donutChart/CountNonNull_simpfy_projects_vw_project_name,Count of projects,CountNonNull(simpfy_projects_vw.project_name),Count of projects,Count of projects,,Measure
Simpfy_project_96010eb4/b51059fb8d292d8e5770/Visual1_donutChart/LastMilestonesTable_LastMilestoneStatus,LastMilestoneStatus,LastMilestonesTable.LastMilestoneStatus,LastMilestoneStatus,LastMilestoneStatus,,Source Column
Simpfy_project_96010eb4/b51059fb8d292d8e5770/Visual2_donutChart/simpfy_projects_vw_project_stage,Project stage,simpfy_projects_vw.project_stage,Project stage,Project stage,,Source Column
Simpfy_project_96010eb4/ds_simpfy_projects_vw/Project_Stage,Project Stage,Project Stage,Project Stage,Project Stage,,Source Column
Simpfy_project_96010eb4/b51059fb8d292d8e5770/Visual2_donutChart/simpfy_projects_vw_project_type,Project type,simpfy_projects_vw.project_type,Project type,Project type,,Source Column
Simpfy_project_96010eb4/b51059fb8d292d8e5770/Visual2_donutChart/CountNonNull_simpfy_projects_vw_project_version_id,Count of Projects,CountNonNull(simpfy_projects_vw.project_version_id),Count of Projects,Count of Projects,,Measure
Simpfy_project_96010eb4/b51059fb8d292d8e5770/Visual2_donutChart/simpfy_projects_vw_Total_cost_distinct_project_currency2,Total cost,simpfy_projects_vw.Total cost distinct project currency2,Total cost,Total cost,,Measure
Simpfy_project_96010eb4/b51059fb8d292d8e5770/Visual3_card/simpfy_projects_vw_Dynamic_display_unit_tc,Dynamic display unit_tc,simpfy_projects_vw.Dynamic display unit_tc,Dynamic display unit_tc,Dynamic display unit_tc,,Measure
Simpfy_project_96010eb4/b51059fb8d292d8e5770/Visual4_card/Min_simpfy_projects_vw_project_name,Count of project_name,Min(simpfy_projects_vw.project_name),Count of project_name,Count of project_name,,Measure
Simpfy_project_96010eb4/b51059fb8d292d8e5770/Visual5_donutChart/CountNonNull_simpfy_challenges_vw_challange_id,Count of challanges,CountNonNull(simpfy_challenges_vw.challange_id),Count of challanges,Count of challanges,,Measure
Simpfy_project_96010eb4/b51059fb8d292d8e5770/Visual5_donutChart/simpfy_challenges_vw_challenge_type,Challenge type,simpfy_challenges_vw.challenge_type,Challenge type,Challenge type,,Source Column
Simpfy_project_96010eb4/b51059fb8d292d8e5770/Visual6_clusteredColumnChart/simpfy_projects_vw_project_years,Project years,simpfy_projects_vw.project_years,Project years,Project years,,Source Column
Simpfy_project_96010eb4/ds_simpfy_projects_vw/project_years,project_years,project_years,project_years,project_years,,Source Column
Simpfy_project_96010eb4/b51059fb8d292d8e5770/Visual6_clusteredColumnChart/simpfy_projects_vw_Project_years_total_cost_distinct_project,Project years total cost,simpfy_projects_vw.Project years total cost distinct project,Project years total cost,Project years total cost,,Measure
Simpfy_project_96010eb4/ds_simpfy_projects_vw/Project_years_total_cost_distinct_project,Project years total cost distinct project,Project years total cost distinct project,Project years total cost distinct project,Project years total cost distinct project,,Measure
Simpfy_project_96010eb4/b51059fb8d292d8e5770/Visual6_clusteredColumnChart/simpfy_projects_vw_Project_years_total_cost_distinct_project_curency,Project years total cost distinct project curency,simpfy_projects_vw.Project years total cost distinct project curency,Project years total cost distinct project curency,Project years total cost distinct project curency,,Measure
Simpfy_project_96010eb4/ds_simpfy_projects_vw/Project_years_total_cost_distinct_project_curency,Project years total cost distinct project curency,Project years total cost distinct project curency,Project years total cost distinct project curency,Project years total cost distinct project curency,,Measure
Simpfy_project_96010eb4/b51059fb8d292d8e5770/Visual7_tableEx/simpfy_projects_vw_segment_name,Segment,simpfy_projects_vw.segment_name,Segment,Segment,,Source Column
Simpfy_project_96010eb4/b51059fb8d292d8e5770/Visual7_tableEx/simpfy_projects_vw_project_name,Project,simpfy_projects_vw.project_name,Project,Project,,Source Column
Simpfy_project_96010eb4/b51059fb8d292d8e5770/Visual7_tableEx/simpfy_projects_vw_description,Description,simpfy_projects_vw.description,Description,Description,,Source Column
Simpfy_project_96010eb4/ds_simpfy_projects_vw/description,description,description,description,description,,Source Column
Simpfy_project_96010eb4/b51059fb8d292d8e5770/Visual7_tableEx/simpfy_projects_vw_project_stage,Stage,simpfy_projects_vw.project_stage,Stage,Stage,,Source Column
Simpfy_project_96010eb4/b51059fb8d292d8e5770/Visual7_tableEx/simpfy_projects_vw_key_areas_of_concern,Challenges Affecting Project,simpfy_projects_vw.key_areas_of_concern,Challenges Affecting Project,Challenges Affecting Project,,Source Column
Simpfy_project_96010eb4/ds_simpfy_projects_vw/key_areas_of_concern,key_areas_of_concern,key_areas_of_concern,key_areas_of_concern,key_areas_of_concern,,Source Column
Simpfy_project_96010eb4/b51059fb8d292d8e5770/Visual7_tableEx/simpfy_projects_vw_Stoplight,Stoplight,simpfy_projects_vw.Stoplight,Stoplight,Stoplight,,Measure
Simpfy_project_96010eb4/ds_simpfy_projects_vw/Stoplight,Stoplight,Stoplight,Stoplight,Stoplight,,Measure
Simpfy_project_96010eb4/b51059fb8d292d8e5770/Visual7_tableEx/simpfy_projects_vw_start_year,Start Year,simpfy_projects_vw.start_year,Start Year,Start Year,,Source Column
Simpfy_project_96010eb4/b51059fb8d292d8e5770/Visual7_tableEx/simpfy_projects_vw_end_year,End Year,simpfy_projects_vw.end_year,End Year,End Year,,Source Column
Simpfy_project_96010eb4/ds_simpfy_projects_vw/end_year,end_year,end_year,end_year,end_year,,Source Column
Simpfy_project_96010eb4/b51059fb8d292d8e5770/Visual7_tableEx/LastMilestonesTable_LastMilestoneStatus,Project Status,LastMilestonesTable.LastMilestoneStatus,Project Status,Project Status,,Source Column
Simpfy_project_96010eb4/b51059fb8d292d8e5770/Visual7_tableEx/simpfy_projects_vw_socar_share,"SOCAR Share, %",simpfy_projects_vw.socar_share,"SOCAR Share, %","SOCAR Share, %",,Source Column
Simpfy_project_96010eb4/ds_simpfy_projects_vw/socar_share_with,socar_share with %,socar_share with %,socar_share with %,socar_share with %,,Source Column
Simpfy_project_96010eb4/b51059fb8d292d8e5770/Visual7_tableEx/simpfy_projects_vw_socar_share_distinct_column,"SOCAR Share, USD",simpfy_projects_vw.socar_share_distinct_column,"SOCAR Share, USD","SOCAR Share, USD",,Source Column
Simpfy_project_96010eb4/ds_simpfy_projects_vw/socar_share_with_amount,socar share with amount,socar share with amount,socar share with amount,socar share with amount,,Source Column
Simpfy_project_96010eb4/b51059fb8d292d8e5770/Visual7_tableEx/simpfy_projects_vw_Dynamic_display_unit_tc_c,"Total Cost, USD",simpfy_projects_vw.Dynamic display unit_tc_c,"Total Cost, USD","Total Cost, USD",,Source Column
Simpfy_project_96010eb4/ds_simpfy_projects_vw/Dynamic_display_unit_tc_c,Dynamic display unit_tc_c,Dynamic display unit_tc_c,Dynamic display unit_tc_c,Dynamic display unit_tc_c,,Source Column
Simpfy_project_96010eb4/b51059fb8d292d8e5770/Visual8_card/CountNonNull_simpfy_challenges_vw_challange_id,Count of challange_id,CountNonNull(simpfy_challenges_vw.challange_id),Count of challange_id,Count of challange_id,,Measure
Simpfy_project_96010eb4/b51059fb8d292d8e5770/Visual9_slicer/simpfy_projects_vw_segment_initiative_name,Segment initiative,simpfy_projects_vw.segment_initiative_name,Segment initiative,Segment initiative,,Source Column
Simpfy_project_96010eb4/b51059fb8d292d8e5770/Visual10_slicer/simpfy_projects_vw_corp_initiative_name,Corporate Initiative,simpfy_projects_vw.corp_initiative_name,Corporate Initiative,Corporate Initiative,,Source Column
Simpfy_project_96010eb4/b51059fb8d292d8e5770/Visual11_slicer/simpfy_projects_vw_segment_name,Segment,simpfy_projects_vw.segment_name,Segment,Segment,,Source Column
Simpfy_project_96010eb4/b51059fb8d292d8e5770/Visual12_card/simpfy_projects_vw_Milestone_count_blank_with,Milestones,simpfy_projects_vw.Milestone count blank with -,Milestones,Milestones,,Measure
Simpfy_project_96010eb4/ds_simpfy_projects_vw/Milestone_count_blank_with,Milestone count blank with -,Milestone count blank with -,Milestone count blank with -,Milestone count blank with -,,Measure
Simpfy_project_96010eb4/b51059fb8d292d8e5770/Visual13_card/Min_simpfy_projects_vw_segment_initiative_name,Count of segment_initiative_name,Min(simpfy_projects_vw.segment_initiative_name),Count of segment_initiative_name,Count of segment_initiative_name,,Measure
Simpfy_project_96010eb4/b51059fb8d292d8e5770/Visual14_card/Min_simpfy_projects_vw_project_name,Count of project_name,Min(simpfy_projects_vw.project_name),Count of project_name,Count of project_name,,Measure
Simpfy_project_96010eb4/b51059fb8d292d8e5770/Visual15_card/CountNonNull_simpfy_challenges_vw_challange_id,Count of challange_id,CountNonNull(simpfy_challenges_vw.challange_id),Count of challange_id,Count of challange_id,,Measure
Simpfy_project_96010eb4/43886f5e900cdf121ca3/Visual1_slicer/simpfy_projects_vw_project_leader_full_name,Project Coordinator,simpfy_projects_vw.project_leader_full_name,Project Coordinator,Project Coordinator,,Source Column
Simpfy_project_96010eb4/ds_simpfy_projects_vw/project_leader_full_name,project_leader_full_name,project_leader_full_name,project_leader_full_name,project_leader_full_name,,Source Column
Simpfy_project_96010eb4/43886f5e900cdf121ca3/Visual2_slicer/simpfy_projects_vw_segment_initiative_name,Segment Initiative,simpfy_projects_vw.segment_initiative_name,Segment Initiative,Segment Initiative,,Source Column
Simpfy_project_96010eb4/43886f5e900cdf121ca3/Visual3_slicer/simpfy_projects_vw_business_unit_name,Business Unit,simpfy_projects_vw.business_unit_name,Business Unit,Business Unit,,Source Column
Simpfy_project_96010eb4/ds_simpfy_projects_vw/business_unit_name,business_unit_name,business_unit_name,business_unit_name,business_unit_name,,Source Column
Simpfy_project_96010eb4/43886f5e900cdf121ca3/Visual4_slicer/simpfy_projects_vw_corp_initiative_name,Corporate Initiative,simpfy_projects_vw.corp_initiative_name,Corporate Initiative,Corporate Initiative,,Source Column
Simpfy_project_96010eb4/43886f5e900cdf121ca3/Visual5_slicer/simpfy_projects_vw_segment_name,Segment,simpfy_projects_vw.segment_name,Segment,Segment,,Source Column
Simpfy_project_96010eb4/43886f5e900cdf121ca3/Visual6_slicer/simpfy_projects_vw_pillar_enabler_name,Corporate Pillar/Enabler,simpfy_projects_vw.pillar_enabler_name,Corporate Pillar/Enabler,Corporate Pillar/Enabler,,Source Column
Simpfy_project_96010eb4/ds_simpfy_projects_vw/pillar_enabler_name,pillar_enabler_name,pillar_enabler_name,pillar_enabler_name,pillar_enabler_name,,Source Column
Simpfy_project_96010eb4/43886f5e900cdf121ca3/Visual7_slicer/simpfy_projects_vw_project_name,Project,simpfy_projects_vw.project_name,Project,Project,,Source Column
Simpfy_project_96010eb4/43886f5e900cdf121ca3/Visual8_slicer/simpfy_projects_vw_project_country,Country,simpfy_projects_vw.project_country,Country,Country,,Source Column
Simpfy_project_96010eb4/43886f5e900cdf121ca3/Visual9_slicer/LastMilestonesTable_LastMilestoneStatus,Project status,LastMilestonesTable.LastMilestoneStatus,Project status,Project status,,Source Column
Simpfy_project_96010eb4/43886f5e900cdf121ca3/Visual10_slicer/simpfy_projects_vw_end_year,End Date,simpfy_projects_vw.end_year,End Date,End Date,,Source Column
Simpfy_project_96010eb4/43886f5e900cdf121ca3/Visual10_slicer/simpfy_projects_vw_End_Date_Quarter,End_Date_Quarter,simpfy_projects_vw.End_Date_Quarter,End_Date_Quarter,End_Date_Quarter,,Source Column
Simpfy_project_96010eb4/ds_simpfy_projects_vw/End_Date_Quarter,End_Date_Quarter,End_Date_Quarter,End_Date_Quarter,End_Date_Quarter,,Source Column
Simpfy_project_96010eb4/43886f5e900cdf121ca3/Visual11_slicer/simpfy_projects_vw_co_project,CO Projects,simpfy_projects_vw.co_project,CO Projects,CO Projects,,Source Column
Simpfy_project_96010eb4/ds_simpfy_projects_vw/co_project,co_project,co_project,co_project,co_project,,Source Column
Simpfy_project_96010eb4/43886f5e900cdf121ca3/Visual12_slicer/simpfy_projects_vw_start_year,Start Date,simpfy_projects_vw.start_year,Start Date,Start Date,,Source Column
Simpfy_project_96010eb4/43886f5e900cdf121ca3/Visual12_slicer/simpfy_projects_vw_Start_Date_Quarter,Start_Date_Quarter,simpfy_projects_vw.Start_Date_Quarter,Start_Date_Quarter,Start_Date_Quarter,,Source Column
Simpfy_project_96010eb4/ds_simpfy_projects_vw/Start_Date_Quarter,Start_Date_Quarter,Start_Date_Quarter,Start_Date_Quarter,Start_Date_Quarter,,Source Column
Simpfy_project_96010eb4/43886f5e900cdf121ca3/Visual13_tableEx/simpfy_projects_vw_segment_name,Segment,simpfy_projects_vw.segment_name,Segment,Segment,,Source Column
Simpfy_project_96010eb4/43886f5e900cdf121ca3/Visual13_tableEx/simpfy_projects_vw_project_name,Project,simpfy_projects_vw.project_name,Project,Project,,Source Column
Simpfy_project_96010eb4/43886f5e900cdf121ca3/Visual13_tableEx/simpfy_projects_vw_description,Description,simpfy_projects_vw.description,Description,Description,,Source Column
Simpfy_project_96010eb4/43886f5e900cdf121ca3/Visual13_tableEx/simpfy_projects_vw_general_impact_summary,Impact,simpfy_projects_vw.general_impact_summary,Impact,Impact,,Source Column
Simpfy_project_96010eb4/ds_simpfy_projects_vw/general_impact_summary,general_impact_summary,general_impact_summary,general_impact_summary,general_impact_summary,,Source Column
Simpfy_project_96010eb4/43886f5e900cdf121ca3/Visual13_tableEx/simpfy_projects_vw_Stoplight,Status,simpfy_projects_vw.Stoplight,Status,Status,,Measure
Simpfy_project_96010eb4/43886f5e900cdf121ca3/Visual13_tableEx/simpfy_projects_vw_Enablers,Enablers,simpfy_projects_vw.Enablers,Enablers,Enablers,,Source Column
Simpfy_project_96010eb4/43886f5e900cdf121ca3/Visual13_tableEx/simpfy_projects_vw_key_areas_of_concern,Key Areas of Concern,simpfy_projects_vw.key_areas_of_concern,Key Areas of Concern,Key Areas of Concern,,Source Column
Simpfy_project_96010eb4/43886f5e900cdf121ca3/Visual13_tableEx/simpfy_projects_vw_Pillars,Pillars,simpfy_projects_vw.Pillars,Pillars,Pillars,,Source Column
Simpfy_project_96010eb4/43886f5e900cdf121ca3/Visual13_tableEx/simpfy_projects_vw_project_country,Country,simpfy_projects_vw.project_country,Country,Country,,Source Column
Simpfy_project_96010eb4/43886f5e900cdf121ca3/Visual13_tableEx/simpfy_projects_vw_project_leader_name,Project Coordinator,simpfy_projects_vw.project_leader_name,Project Coordinator,Project Coordinator,,Source Column
Simpfy_project_96010eb4/ds_simpfy_projects_vw/project_leader_name,project_leader_name,project_leader_name,project_leader_name,project_leader_name,,Source Column
Simpfy_project_96010eb4/43886f5e900cdf121ca3/Visual13_tableEx/simpfy_projects_vw_project_type,Project Type,simpfy_projects_vw.project_type,Project Type,Project Type,,Source Column
Simpfy_project_96010eb4/43886f5e900cdf121ca3/Visual13_tableEx/simpfy_projects_vw_segment_type,Segment Type,simpfy_projects_vw.segment_type,Segment Type,Segment Type,,Source Column
Simpfy_project_96010eb4/ds_simpfy_projects_vw/segment_type,segment_type,segment_type,segment_type,segment_type,,Source Column
Simpfy_project_96010eb4/43886f5e900cdf121ca3/Visual13_tableEx/simpfy_projects_vw_business_unit_name,Business Unit Name,simpfy_projects_vw.business_unit_name,Business Unit Name,Business Unit Name,,Source Column
Simpfy_project_96010eb4/43886f5e900cdf121ca3/Visual13_tableEx/simpfy_projects_vw_corp_initiative_name,Corporate Initiative Name,simpfy_projects_vw.corp_initiative_name,Corporate Initiative Name,Corporate Initiative Name,,Source Column
Simpfy_project_96010eb4/43886f5e900cdf121ca3/Visual13_tableEx/simpfy_projects_vw_segment_initiative_name,Segment Initiative,simpfy_projects_vw.segment_initiative_name,Segment Initiative,Segment Initiative,,Source Column
Simpfy_project_96010eb4/43886f5e900cdf121ca3/Visual13_tableEx/simpfy_projects_vw_Project_Stage,Project Stage,simpfy_projects_vw.Project Stage,Project Stage,Project Stage,,Source Column
Simpfy_project_96010eb4/43886f5e900cdf121ca3/Visual13_tableEx/simpfy_projects_vw_total_cost,Total Cost,simpfy_projects_vw.total_cost,Total Cost,Total Cost,,Source Column
Simpfy_project_96010eb4/ds_simpfy_projects_vw/total_cost,total_cost,total_cost,total_cost,total_cost,,Source Column
Simpfy_project_96010eb4/43886f5e900cdf121ca3/Visual13_tableEx/simpfy_projects_vw_start_year,Start Date,simpfy_projects_vw.start_year,Start Date,Start Date,,Source Column
Simpfy_project_96010eb4/43886f5e900cdf121ca3/Visual13_tableEx/simpfy_projects_vw_end_year,End Date,simpfy_projects_vw.end_year,End Date,End Date,,Source Column
Simpfy_project_96010eb4/43886f5e900cdf121ca3/Visual13_tableEx/LastMilestonesTable_LastMilestoneStatus,Project Status,LastMilestonesTable.LastMilestoneStatus,Project Status,Project Status,,Source Column
Simpfy_project_96010eb4/43886f5e900cdf121ca3/Visual14_slicer/simpfy_projects_vw_Project_Stage,Project Stage,simpfy_projects_vw.Project Stage,Project Stage,Project Stage,,Source Column
Simpfy_project_96010eb4/c13e75df0817a0ed0006/Visual1_slicer/simpfy_projects_vw_project_name,project_name,simpfy_projects_vw.project_name,project_name,project_name,,Source Column
Simpfy_project_96010eb4/c13e75df0817a0ed0006/Visual2_card/Min_LastMilestonesTable_LastMilestoneStatus,First LastMilestoneStatus,Min(LastMilestonesTable.LastMilestoneStatus),First LastMilestoneStatus,First LastMilestoneStatus,,Measure
Simpfy_project_96010eb4/c13e75df0817a0ed0006/Visual3_card/Min_simpfy_projects_vw_project_country,Min(simpfy_projects_vw.project_country),Min(simpfy_projects_vw.project_country),Min(simpfy_projects_vw.project_country),Min(simpfy_projects_vw.project_country),,Measure
Simpfy_project_96010eb4/c13e75df0817a0ed0006/Visual4_card/Min_simpfy_projects_vw_Project_Stage,Min(simpfy_projects_vw.Project Stage),Min(simpfy_projects_vw.Project Stage),Min(simpfy_projects_vw.Project Stage),Min(simpfy_projects_vw.Project Stage),,Measure
Simpfy_project_96010eb4/c13e75df0817a0ed0006/Visual5_columnChart/simpfy_projects_vw_Project_years_total_cost_distinct_project,Project years total cost distinct project,simpfy_projects_vw.Project years total cost distinct project,Project years total cost distinct project,Project years total cost distinct project,,Measure
Simpfy_project_96010eb4/c13e75df0817a0ed0006/Visual5_columnChart/simpfy_projects_vw_project_years,project_years,simpfy_projects_vw.project_years,project_years,project_years,,Source Column
Simpfy_project_96010eb4/c13e75df0817a0ed0006/Visual5_columnChart/simpfy_projects_vw_Project_years_total_cost_distinct_project_curency,Project years total cost distinct project curency,simpfy_projects_vw.Project years total cost distinct project curency,Project years total cost distinct project curency,Project years total cost distinct project curency,,Measure
Simpfy_project_96010eb4/c13e75df0817a0ed0006/Visual6_card/simpfy_projects_vw_Stoplight,Stoplight,simpfy_projects_vw.Stoplight,Stoplight,Stoplight,,Measure
Simpfy_project_96010eb4/2ac534c003f39a90e06e/Visual1_tableEx/simpfy_projects_vw_milestone_name,Milestone,simpfy_projects_vw.milestone_name,Milestone,Milestone,,Source Column
Simpfy_project_96010eb4/ds_simpfy_projects_vw/milestone_name,milestone_name,milestone_name,milestone_name,milestone_name,,Source Column
Simpfy_project_96010eb4/2ac534c003f39a90e06e/Visual1_tableEx/simpfy_projects_vw_milestone_description,Description,simpfy_projects_vw.milestone_description,Description,Description,,Source Column
Simpfy_project_96010eb4/ds_simpfy_projects_vw/milestone_description,milestone_description,milestone_description,milestone_description,milestone_description,,Source Column
Simpfy_project_96010eb4/2ac534c003f39a90e06e/Visual1_tableEx/simpfy_projects_vw_milestone_target_date_Variation_Date_Hierarchy_Year,Target Date,simpfy_projects_vw.milestone_target_date.Variation.Date Hierarchy.Year,Target Date,Target Date,,Source Column
Simpfy_project_96010eb4/ds_simpfy_projects_vw/milestone_target_date,milestone_target_date,milestone_target_date,milestone_target_date,milestone_target_date,,Source Column
Simpfy_project_96010eb4/2ac534c003f39a90e06e/Visual1_tableEx/simpfy_projects_vw_milestone_status,Completion Status,simpfy_projects_vw.milestone_status,Completion Status,Completion Status,,Source Column
Simpfy_project_96010eb4/ds_simpfy_projects_vw/milestone_status,milestone_status,milestone_status,milestone_status,milestone_status,,Source Column
Simpfy_project_96010eb4/2ac534c003f39a90e06e/Visual1_tableEx/simpfy_projects_vw_milestone_completion_date,Actual Date,simpfy_projects_vw.milestone_completion_date,Actual Date,Actual Date,,Source Column
Simpfy_project_96010eb4/ds_simpfy_projects_vw/milestone_completion_date,milestone_completion_date,milestone_completion_date,milestone_completion_date,milestone_completion_date,,Source Column
Simpfy_project_96010eb4/2ac534c003f39a90e06e/Visual2_slicer/simpfy_projects_vw_project_name,simpfy_projects_vw.project_name,simpfy_projects_vw.project_name,simpfy_projects_vw.project_name,simpfy_projects_vw.project_name,,Source Column
Simpfy_project_96010eb4/01d9cca66f27e88aa53d/Visual1_tableEx/simpfy_challenges_vw_segment_name,Segment,simpfy_challenges_vw.segment_name,Segment,Segment,,Source Column
Simpfy_project_96010eb4/01d9cca66f27e88aa53d/Visual1_tableEx/simpfy_challenges_vw_title,Challenges,simpfy_challenges_vw.title,Challenges,Challenges,,Source Column
Simpfy_project_96010eb4/01d9cca66f27e88aa53d/Visual1_tableEx/simpfy_challenges_vw_description,Description,simpfy_challenges_vw.description,Description,Description,,Source Column
Simpfy_project_96010eb4/01d9cca66f27e88aa53d/Visual1_tableEx/simpfy_challenges_vw_potential_impact,Potential lmpact,simpfy_challenges_vw.potential_impact,Potential lmpact,Potential lmpact,,Source Column
Simpfy_project_96010eb4/01d9cca66f27e88aa53d/Visual1_tableEx/simpfy_challenges_vw_planned_actions,Resolution Actions,simpfy_challenges_vw.planned_actions,Resolution Actions,Resolution Actions,,Source Column
Simpfy_project_96010eb4/01d9cca66f27e88aa53d/Visual1_tableEx/simpfy_challenges_vw_risk_level,Risk Level,simpfy_challenges_vw.risk_level,Risk Level,Risk Level,,Source Column
Simpfy_project_96010eb4/01d9cca66f27e88aa53d/Visual1_tableEx/simpfy_challenges_vw_CombinedResolutionPartners2,Resolution Partner,simpfy_challenges_vw.CombinedResolutionPartners2,Resolution Partner,Resolution Partner,,Source Column
Simpfy_project_96010eb4/01d9cca66f27e88aa53d/Visual2_slicer/simpfy_projects_vw_Pillars,simpfy_projects_vw.Pillars,simpfy_projects_vw.Pillars,simpfy_projects_vw.Pillars,simpfy_projects_vw.Pillars,,Source Column
Simpfy_project_96010eb4/01d9cca66f27e88aa53d/Visual3_slicer/simpfy_projects_vw_Enablers,simpfy_projects_vw.Enablers,simpfy_projects_vw.Enablers,simpfy_projects_vw.Enablers,simpfy_projects_vw.Enablers,,Source Column
Simpfy_project_96010eb4/01d9cca66f27e88aa53d/Visual4_slicer/simpfy_projects_vw_corp_initiative_name,simpfy_projects_vw.corp_initiative_name,simpfy_projects_vw.corp_initiative_name,simpfy_projects_vw.corp_initiative_name,simpfy_projects_vw.corp_initiative_name,,Source Column
Simpfy_project_96010eb4/01d9cca66f27e88aa53d/Visual5_slicer/simpfy_projects_vw_start_year,simpfy_projects_vw.start_year,simpfy_projects_vw.start_year,simpfy_projects_vw.start_year,simpfy_projects_vw.start_year,,Source Column
Simpfy_project_96010eb4/01d9cca66f27e88aa53d/Visual6_slicer/simpfy_projects_vw_segment_name,simpfy_projects_vw.segment_name,simpfy_projects_vw.segment_name,simpfy_projects_vw.segment_name,simpfy_projects_vw.segment_name,,Source Column
Simpfy_project_96010eb4/01d9cca66f27e88aa53d/Visual7_slicer/simpfy_projects_vw_project_country,simpfy_projects_vw.project_country,simpfy_projects_vw.project_country,simpfy_projects_vw.project_country,simpfy_projects_vw.project_country,,Source Column
Simpfy_project_96010eb4/ec530b8bd9b5762a229a/Visual1_tableEx/simpfy_projects_vw_segment_name,simpfy_projects_vw.segment_name,simpfy_projects_vw.segment_name,simpfy_projects_vw.segment_name,simpfy_projects_vw.segment_name,,Source Column
Simpfy_project_96010eb4/ec530b8bd9b5762a229a/Visual1_tableEx/simpfy_projects_vw_project_name,simpfy_projects_vw.project_name,simpfy_projects_vw.project_name,simpfy_projects_vw.project_name,simpfy_projects_vw.project_name,,Source Column
Simpfy_project_96010eb4/ec530b8bd9b5762a229a/Visual1_tableEx/simpfy_projects_vw_description,simpfy_projects_vw.description,simpfy_projects_vw.description,simpfy_projects_vw.description,simpfy_projects_vw.description,,Source Column
Simpfy_project_96010eb4/ec530b8bd9b5762a229a/Visual1_tableEx/simpfy_projects_vw_general_impact_summary,simpfy_projects_vw.general_impact_summary,simpfy_projects_vw.general_impact_summary,simpfy_projects_vw.general_impact_summary,simpfy_projects_vw.general_impact_summary,,Source Column
Simpfy_project_96010eb4/ec530b8bd9b5762a229a/Visual1_tableEx/simpfy_projects_vw_total_cost,simpfy_projects_vw.total_cost,simpfy_projects_vw.total_cost,simpfy_projects_vw.total_cost,simpfy_projects_vw.total_cost,,Source Column
Simpfy_project_96010eb4/ec530b8bd9b5762a229a/Visual1_tableEx/simpfy_projects_vw_project_stage,simpfy_projects_vw.project_stage,simpfy_projects_vw.project_stage,simpfy_projects_vw.project_stage,simpfy_projects_vw.project_stage,,Source Column
Simpfy_project_96010eb4/ec530b8bd9b5762a229a/Visual1_tableEx/simpfy_projects_vw_key_areas_of_concern,simpfy_projects_vw.key_areas_of_concern,simpfy_projects_vw.key_areas_of_concern,simpfy_projects_vw.key_areas_of_concern,simpfy_projects_vw.key_areas_of_concern,,Source Column
Simpfy_project_96010eb4/ec530b8bd9b5762a229a/Visual1_tableEx/LastMilestonesTable_LastMilestoneStatus,LastMilestonesTable.LastMilestoneStatus,LastMilestonesTable.LastMilestoneStatus,LastMilestonesTable.LastMilestoneStatus,LastMilestonesTable.LastMilestoneStatus,,Source Column
Simpfy_project_96010eb4/ec530b8bd9b5762a229a/Visual2_slicer/simpfy_projects_vw_project_country,simpfy_projects_vw.project_country,simpfy_projects_vw.project_country,simpfy_projects_vw.project_country,simpfy_projects_vw.project_country,,Source Column
Simpfy_project_96010eb4/ec530b8bd9b5762a229a/Visual3_slicer/simpfy_projects_vw_segment_name,simpfy_projects_vw.segment_name,simpfy_projects_vw.segment_name,simpfy_projects_vw.segment_name,simpfy_projects_vw.segment_name,,Source Column
Simpfy_project_96010eb4/ec530b8bd9b5762a229a/Visual4_slicer/simpfy_projects_vw_start_year,simpfy_projects_vw.start_year,simpfy_projects_vw.start_year,simpfy_projects_vw.start_year,simpfy_projects_vw.start_year,,Source Column
Simpfy_project_96010eb4/ec530b8bd9b5762a229a/Visual5_slicer/simpfy_projects_vw_corp_initiative_name,simpfy_projects_vw.corp_initiative_name,simpfy_projects_vw.corp_initiative_name,simpfy_projects_vw.corp_initiative_name,simpfy_projects_vw.corp_initiative_name,,Source Column
Simpfy_project_96010eb4/ec530b8bd9b5762a229a/Visual6_slicer/simpfy_projects_vw_Enablers,simpfy_projects_vw.Enablers,simpfy_projects_vw.Enablers,simpfy_projects_vw.Enablers,simpfy_projects_vw.Enablers,,Source Column
Simpfy_project_96010eb4/ec530b8bd9b5762a229a/Visual7_slicer/simpfy_projects_vw_Pillars,simpfy_projects_vw.Pillars,simpfy_projects_vw.Pillars,simpfy_projects_vw.Pillars,simpfy_projects_vw.Pillars,,Source Column
Simpfy_project_96010eb4/8f4d4820c9be15135b63/Visual1_card/Min_simpfy_projects_vw_comment,Min(simpfy_projects_vw.comment),Min(simpfy_projects_vw.comment),Min(simpfy_projects_vw.comment),Min(simpfy_projects_vw.comment),,Measure
Simpfy_project_96010eb4/ds_simpfy_projects_vw/comment,comment,comment,comment,comment,,Measure
Simpfy_project_96010eb4/8f4d4820c9be15135b63/Visual2_card/Min_simpfy_challenges_vw_challenge_type_description,Min(simpfy_challenges_vw.challenge_type_description),Min(simpfy_challenges_vw.challenge_type_description),Min(simpfy_challenges_vw.challenge_type_description),Min(simpfy_challenges_vw.challenge_type_description),,Measure
Simpfy_project_96010eb4/ds_simpfy_challenges_vw/challenge_type_description,challenge_type_description,challenge_type_description,challenge_type_description,challenge_type_description,,Measure
Simpfy_project_96010eb4/5e507922b18dc16775e9/Visual1_tableEx/simpfy_projects_vw_project_name,simpfy_projects_vw.project_name,simpfy_projects_vw.project_name,simpfy_projects_vw.project_name,simpfy_projects_vw.project_name,,Source Column
Simpfy_project_96010eb4/5e507922b18dc16775e9/Visual1_tableEx/simpfy_projects_vw_segment_name,simpfy_projects_vw.segment_name,simpfy_projects_vw.segment_name,simpfy_projects_vw.segment_name,simpfy_projects_vw.segment_name,,Source Column
Simpfy_project_96010eb4/5e507922b18dc16775e9/Visual1_tableEx/simpfy_projects_vw_Project_Stage,simpfy_projects_vw.Project Stage,simpfy_projects_vw.Project Stage,simpfy_projects_vw.Project Stage,simpfy_projects_vw.Project Stage,,Source Column
Simpfy_project_96010eb4/5e507922b18dc16775e9/Visual1_tableEx/Sum_simpfy_projects_vw_comment_year,Sum(simpfy_projects_vw.comment_year),Sum(simpfy_projects_vw.comment_year),Sum(simpfy_projects_vw.comment_year),Sum(simpfy_projects_vw.comment_year),,Source Column
Simpfy_project_96010eb4/ds_simpfy_projects_vw/comment_year,comment_year,comment_year,comment_year,comment_year,,Source Column
Simpfy_project_96010eb4/5e507922b18dc16775e9/Visual1_tableEx/simpfy_projects_vw_comment_quarter,simpfy_projects_vw.comment_quarter,simpfy_projects_vw.comment_quarter,simpfy_projects_vw.comment_quarter,simpfy_projects_vw.comment_quarter,,Source Column
Simpfy_project_96010eb4/ds_simpfy_projects_vw/comment_quarter,comment_quarter,comment_quarter,comment_quarter,comment_quarter,,Source Column
Simpfy_project_96010eb4/5e507922b18dc16775e9/Visual1_tableEx/simpfy_projects_vw_comment,simpfy_projects_vw.comment,simpfy_projects_vw.comment,simpfy_projects_vw.comment,simpfy_projects_vw.comment,,Source Column
Simpfy_project_96010eb4/5e507922b18dc16775e9/Visual1_tableEx/LastMilestonesTable_LastMilestoneStatus,LastMilestonesTable.LastMilestoneStatus,LastMilestonesTable.LastMilestoneStatus,LastMilestonesTable.LastMilestoneStatus,LastMilestonesTable.LastMilestoneStatus,,Source Column
Simpfy_project_96010eb4/5e507922b18dc16775e9/Visual2_slicer/simpfy_projects_vw_comment_quarter,simpfy_projects_vw.comment_quarter,simpfy_projects_vw.comment_quarter,simpfy_projects_vw.comment_quarter,simpfy_projects_vw.comment_quarter,,Source Column
Simpfy_project_96010eb4/5e507922b18dc16775e9/Visual3_slicer/simpfy_projects_vw_comment_year,simpfy_projects_vw.comment_year,simpfy_projects_vw.comment_year,simpfy_projects_vw.comment_year,simpfy_projects_vw.comment_year,,Source Column
Simpfy_project_96010eb4/5e507922b18dc16775e9/Visual4_slicer/simpfy_projects_vw_project_name,simpfy_projects_vw.project_name,simpfy_projects_vw.project_name,simpfy_projects_vw.project_name,simpfy_projects_vw.project_name,,Source Column
Simpfy_project_96010eb4/bdcee2ac9dd11d6bdb5b/Visual1_tableEx/simpfy_projects_vw_Pillars,simpfy_projects_vw.Pillars,simpfy_projects_vw.Pillars,simpfy_projects_vw.Pillars,simpfy_projects_vw.Pillars,,Source Column
Simpfy_project_96010eb4/746293ed7f31de4c607b/Visual1_tableEx/simpfy_projects_vw_Enablers,simpfy_projects_vw.Enablers,simpfy_projects_vw.Enablers,simpfy_projects_vw.Enablers,simpfy_projects_vw.Enablers,,Source Column
Simpfy_project_96010eb4/7f75fdca224c240675df/Visual1_tableEx/simpfy_projects_vw_corp_initiative_name,simpfy_projects_vw.corp_initiative_name,simpfy_projects_vw.corp_initiative_name,simpfy_projects_vw.corp_initiative_name,simpfy_projects_vw.corp_initiative_name,,Source Column
Simpfy_project_96010eb4/fafcd644b1849220d5c2/Visual1_tableEx/simpfy_projects_vw_segment_initiative_name,simpfy_projects_vw.segment_initiative_name,simpfy_projects_vw.segment_initiative_name,simpfy_projects_vw.segment_initiative_name,simpfy_projects_vw.segment_initiative_name,,Source Column
Simpfy_project_96010eb4/14942fbc99bc3afa2399/Visual1_columnChart/simpfy_projects_vw_project_years,simpfy_projects_vw.project_years,simpfy_projects_vw.project_years,simpfy_projects_vw.project_years,simpfy_projects_vw.project_years,,Source Column
Simpfy_project_96010eb4/14942fbc99bc3afa2399/Visual1_columnChart/simpfy_projects_vw_Project_years_total_cost_distinct_project,simpfy_projects_vw.Project years total cost distinct project,simpfy_projects_vw.Project years total cost distinct project,simpfy_projects_vw.Project years total cost distinct project,simpfy_projects_vw.Project years total cost distinct project,,Measure
Simpfy_project_96010eb4/14942fbc99bc3afa2399/Visual2_card/Min_LastMilestonesTable_LastMilestoneStatus,Min(LastMilestonesTable.LastMilestoneStatus),Min(LastMilestonesTable.LastMilestoneStatus),Min(LastMilestonesTable.LastMilestoneStatus),Min(LastMilestonesTable.LastMilestoneStatus),,Measure
Simpfy_project_96010eb4/14942fbc99bc3afa2399/Visual3_card/Min_simpfy_projects_vw_project_country,Min(simpfy_projects_vw.project_country),Min(simpfy_projects_vw.project_country),Min(simpfy_projects_vw.project_country),Min(simpfy_projects_vw.project_country),,Measure
Simpfy_project_96010eb4/14942fbc99bc3afa2399/Visual4_card/Min_simpfy_projects_vw_Project_Stage,Min(simpfy_projects_vw.Project Stage),Min(simpfy_projects_vw.Project Stage),Min(simpfy_projects_vw.Project Stage),Min(simpfy_projects_vw.Project Stage),,Measure
Simpfy_project_96010eb4/14942fbc99bc3afa2399/Visual5_card/simpfy_projects_vw_Stoplight,simpfy_projects_vw.Stoplight,simpfy_projects_vw.Stoplight,simpfy_projects_vw.Stoplight,simpfy_projects_vw.Stoplight,,Measure
Simpfy_project_96010eb4/14942fbc99bc3afa2399/Visual6_slicer/simpfy_projects_vw_project_name,simpfy_projects_vw.project_name,simpfy_projects_vw.project_name,simpfy_projects_vw.project_name,simpfy_projects_vw.project_name,,Source Column
Simpfy_project_96010eb4/1349087adb881e20f030/Visual1_tableEx/simpfy_projects_vw_segment_name,simpfy_projects_vw.segment_name,simpfy_projects_vw.segment_name,simpfy_projects_vw.segment_name,simpfy_projects_vw.segment_name,,Source Column
Simpfy_project_96010eb4/1349087adb881e20f030/Visual1_tableEx/simpfy_projects_vw_project_name,simpfy_projects_vw.project_name,simpfy_projects_vw.project_name,simpfy_projects_vw.project_name,simpfy_projects_vw.project_name,,Source Column
Simpfy_project_96010eb4/1349087adb881e20f030/Visual1_tableEx/simpfy_projects_vw_description,simpfy_projects_vw.description,simpfy_projects_vw.description,simpfy_projects_vw.description,simpfy_projects_vw.description,,Source Column
Simpfy_project_96010eb4/1349087adb881e20f030/Visual1_tableEx/simpfy_projects_vw_general_impact_summary,simpfy_projects_vw.general_impact_summary,simpfy_projects_vw.general_impact_summary,simpfy_projects_vw.general_impact_summary,simpfy_projects_vw.general_impact_summary,,Source Column
Simpfy_project_96010eb4/1349087adb881e20f030/Visual1_tableEx/simpfy_projects_vw_Stoplight,simpfy_projects_vw.Stoplight,simpfy_projects_vw.Stoplight,simpfy_projects_vw.Stoplight,simpfy_projects_vw.Stoplight,,Measure
Simpfy_project_96010eb4/1349087adb881e20f030/Visual1_tableEx/simpfy_projects_vw_Enablers,simpfy_projects_vw.Enablers,simpfy_projects_vw.Enablers,simpfy_projects_vw.Enablers,simpfy_projects_vw.Enablers,,Source Column
Simpfy_project_96010eb4/1349087adb881e20f030/Visual1_tableEx/simpfy_projects_vw_Pillars,simpfy_projects_vw.Pillars,simpfy_projects_vw.Pillars,simpfy_projects_vw.Pillars,simpfy_projects_vw.Pillars,,Source Column
Simpfy_project_96010eb4/1349087adb881e20f030/Visual1_tableEx/simpfy_projects_vw_project_country,simpfy_projects_vw.project_country,simpfy_projects_vw.project_country,simpfy_projects_vw.project_country,simpfy_projects_vw.project_country,,Source Column
Simpfy_project_96010eb4/1349087adb881e20f030/Visual1_tableEx/simpfy_projects_vw_project_leader_name,simpfy_projects_vw.project_leader_name,simpfy_projects_vw.project_leader_name,simpfy_projects_vw.project_leader_name,simpfy_projects_vw.project_leader_name,,Source Column
Simpfy_project_96010eb4/1349087adb881e20f030/Visual1_tableEx/simpfy_projects_vw_project_type,simpfy_projects_vw.project_type,simpfy_projects_vw.project_type,simpfy_projects_vw.project_type,simpfy_projects_vw.project_type,,Source Column
Simpfy_project_96010eb4/1349087adb881e20f030/Visual1_tableEx/simpfy_projects_vw_project_years,simpfy_projects_vw.project_years,simpfy_projects_vw.project_years,simpfy_projects_vw.project_years,simpfy_projects_vw.project_years,,Source Column
Simpfy_project_96010eb4/1349087adb881e20f030/Visual1_tableEx/simpfy_projects_vw_segment_type,simpfy_projects_vw.segment_type,simpfy_projects_vw.segment_type,simpfy_projects_vw.segment_type,simpfy_projects_vw.segment_type,,Source Column
Simpfy_project_96010eb4/1349087adb881e20f030/Visual1_tableEx/simpfy_projects_vw_business_unit_name,simpfy_projects_vw.business_unit_name,simpfy_projects_vw.business_unit_name,simpfy_projects_vw.business_unit_name,simpfy_projects_vw.business_unit_name,,Source Column
Simpfy_project_96010eb4/1349087adb881e20f030/Visual1_tableEx/simpfy_projects_vw_corp_initiative_name,simpfy_projects_vw.corp_initiative_name,simpfy_projects_vw.corp_initiative_name,simpfy_projects_vw.corp_initiative_name,simpfy_projects_vw.corp_initiative_name,,Source Column
Simpfy_project_96010eb4/1349087adb881e20f030/Visual1_tableEx/simpfy_projects_vw_challenges_titile__key_areas_of_concern,simpfy_projects_vw.challenges_titile _key_areas_of_concern,simpfy_projects_vw.challenges_titile _key_areas_of_concern,simpfy_projects_vw.challenges_titile _key_areas_of_concern,simpfy_projects_vw.challenges_titile _key_areas_of_concern,,Source Column
Simpfy_project_96010eb4/1349087adb881e20f030/Visual1_tableEx/simpfy_projects_vw_end_year,simpfy_projects_vw.end_year,simpfy_projects_vw.end_year,simpfy_projects_vw.end_year,simpfy_projects_vw.end_year,,Source Column
Simpfy_project_96010eb4/1349087adb881e20f030/Visual1_tableEx/simpfy_projects_vw_start_year,simpfy_projects_vw.start_year,simpfy_projects_vw.start_year,simpfy_projects_vw.start_year,simpfy_projects_vw.start_year,,Source Column
Simpfy_project_96010eb4/1349087adb881e20f030/Visual1_tableEx/LastMilestonesTable_LastMilestoneStatus,LastMilestonesTable.LastMilestoneStatus,LastMilestonesTable.LastMilestoneStatus,LastMilestonesTable.LastMilestoneStatus,LastMilestonesTable.LastMilestoneStatus,,Source Column
Simpfy_project_96010eb4/6929f53de6931bff5e33/Visual1_barChart/simpfy_challenges_vw_risk_level,simpfy_challenges_vw.risk_level,simpfy_challenges_vw.risk_level,simpfy_challenges_vw.risk_level,simpfy_challenges_vw.risk_level,,Source Column
Simpfy_project_96010eb4/6929f53de6931bff5e33/Visual1_barChart/CountNonNull_simpfy_challenges_vw_challange_id,CountNonNull(simpfy_challenges_vw.challange_id),CountNonNull(simpfy_challenges_vw.challange_id),CountNonNull(simpfy_challenges_vw.challange_id),CountNonNull(simpfy_challenges_vw.challange_id),,Measure
Simpfy_project_96010eb4/6929f53de6931bff5e33/Visual2_donutChart/simpfy_challenges_vw_segment_name_abbreviated,simpfy_challenges_vw.segment_name_abbreviated,simpfy_challenges_vw.segment_name_abbreviated,simpfy_challenges_vw.segment_name_abbreviated,simpfy_challenges_vw.segment_name_abbreviated,,Source Column
Simpfy_project_96010eb4/6929f53de6931bff5e33/Visual2_donutChart/simpfy_challenges_vw_segment_name,simpfy_challenges_vw.segment_name,simpfy_challenges_vw.segment_name,simpfy_challenges_vw.segment_name,simpfy_challenges_vw.segment_name,,Source Column
Simpfy_project_96010eb4/6929f53de6931bff5e33/Visual2_donutChart/CountNonNull_simpfy_challenges_vw_challange_id,CountNonNull(simpfy_challenges_vw.challange_id),CountNonNull(simpfy_challenges_vw.challange_id),CountNonNull(simpfy_challenges_vw.challange_id),CountNonNull(simpfy_challenges_vw.challange_id),,Measure
Simpfy_project_96010eb4/6929f53de6931bff5e33/Visual3_card/CountNonNull_simpfy_challenges_vw_challange_id,CountNonNull(simpfy_challenges_vw.challange_id),CountNonNull(simpfy_challenges_vw.challange_id),CountNonNull(simpfy_challenges_vw.challange_id),CountNonNull(simpfy_challenges_vw.challange_id),,Measure
Simpfy_project_96010eb4/6929f53de6931bff5e33/Visual4_donutChart/simpfy_challenges_vw_challenge_type_abbreviated,simpfy_challenges_vw.challenge_type_abbreviated,simpfy_challenges_vw.challenge_type_abbreviated,simpfy_challenges_vw.challenge_type_abbreviated,simpfy_challenges_vw.challenge_type_abbreviated,,Source Column
Simpfy_project_96010eb4/6929f53de6931bff5e33/Visual4_donutChart/CountNonNull_simpfy_challenges_vw_challange_id,CountNonNull(simpfy_challenges_vw.challange_id),CountNonNull(simpfy_challenges_vw.challange_id),CountNonNull(simpfy_challenges_vw.challange_id),CountNonNull(simpfy_challenges_vw.challange_id),,Measure
Simpfy_project_96010eb4/6929f53de6931bff5e33/Visual5_pieChart/simpfy_challenges_vw_challenge_impact_level,simpfy_challenges_vw.challenge_impact_level,simpfy_challenges_vw.challenge_impact_level,simpfy_challenges_vw.challenge_impact_level,simpfy_challenges_vw.challenge_impact_level,,Source Column
Simpfy_project_96010eb4/6929f53de6931bff5e33/Visual5_pieChart/CountNonNull_simpfy_challenges_vw_challange_id,CountNonNull(simpfy_challenges_vw.challange_id),CountNonNull(simpfy_challenges_vw.challange_id),CountNonNull(simpfy_challenges_vw.challange_id),CountNonNull(simpfy_challenges_vw.challange_id),,Measure
Simpfy_project_96010eb4/6929f53de6931bff5e33/Visual6_tableEx/simpfy_challenges_vw_segment_name,simpfy_challenges_vw.segment_name,simpfy_challenges_vw.segment_name,simpfy_challenges_vw.segment_name,simpfy_challenges_vw.segment_name,,Source Column
Simpfy_project_96010eb4/6929f53de6931bff5e33/Visual6_tableEx/simpfy_challenges_vw_title,simpfy_challenges_vw.title,simpfy_challenges_vw.title,simpfy_challenges_vw.title,simpfy_challenges_vw.title,,Source Column
Simpfy_project_96010eb4/6929f53de6931bff5e33/Visual6_tableEx/simpfy_challenges_vw_description,simpfy_challenges_vw.description,simpfy_challenges_vw.description,simpfy_challenges_vw.description,simpfy_challenges_vw.description,,Source Column
Simpfy_project_96010eb4/6929f53de6931bff5e33/Visual6_tableEx/simpfy_challenges_vw_potential_impact,simpfy_challenges_vw.potential_impact,simpfy_challenges_vw.potential_impact,simpfy_challenges_vw.potential_impact,simpfy_challenges_vw.potential_impact,,Source Column
Simpfy_project_96010eb4/6929f53de6931bff5e33/Visual6_tableEx/simpfy_challenges_vw_planned_actions,simpfy_challenges_vw.planned_actions,simpfy_challenges_vw.planned_actions,simpfy_challenges_vw.planned_actions,simpfy_challenges_vw.planned_actions,,Source Column
Simpfy_project_96010eb4/6929f53de6931bff5e33/Visual6_tableEx/simpfy_challenges_vw_risk_level,simpfy_challenges_vw.risk_level,simpfy_challenges_vw.risk_level,simpfy_challenges_vw.risk_level,simpfy_challenges_vw.risk_level,,Source Column
Simpfy_project_96010eb4/6929f53de6931bff5e33/Visual6_tableEx/simpfy_challenges_vw_challenge_type,simpfy_challenges_vw.challenge_type,simpfy_challenges_vw.challenge_type,simpfy_challenges_vw.challenge_type,simpfy_challenges_vw.challenge_type,,Source Column
Simpfy_project_96010eb4/6929f53de6931bff5e33/Visual6_tableEx/simpfy_challenges_vw_CombinedResolutionPartners2,simpfy_challenges_vw.CombinedResolutionPartners2,simpfy_challenges_vw.CombinedResolutionPartners2,simpfy_challenges_vw.CombinedResolutionPartners2,simpfy_challenges_vw.CombinedResolutionPartners2,,Source Column
Simpfy_project_96010eb4/6929f53de6931bff5e33/Visual6_tableEx/simpfy_challenges_vw___ProjectName_Combined,"simpfy_challenges_vw.""""ProjectName_Combined","simpfy_challenges_vw.""""ProjectName_Combined","simpfy_challenges_vw.""""ProjectName_Combined","simpfy_challenges_vw.""""ProjectName_Combined",,Source Column
Simpfy_project_96010eb4/6929f53de6931bff5e33/Visual7_card/CountNonNull_simpfy_challenges_vw_challange_id,CountNonNull(simpfy_challenges_vw.challange_id),CountNonNull(simpfy_challenges_vw.challange_id),CountNonNull(simpfy_challenges_vw.challange_id),CountNonNull(simpfy_challenges_vw.challange_id),,Measure
Simpfy_project_96010eb4/6929f53de6931bff5e33/Visual8_slicer/simpfy_projects_vw_Pillars,simpfy_projects_vw.Pillars,simpfy_projects_vw.Pillars,simpfy_projects_vw.Pillars,simpfy_projects_vw.Pillars,,Source Column
Simpfy_project_96010eb4/6929f53de6931bff5e33/Visual9_slicer/simpfy_projects_vw_Enablers,simpfy_projects_vw.Enablers,simpfy_projects_vw.Enablers,simpfy_projects_vw.Enablers,simpfy_projects_vw.Enablers,,Source Column
Simpfy_project_96010eb4/6929f53de6931bff5e33/Visual10_slicer/simpfy_projects_vw_corp_initiative_name,simpfy_projects_vw.corp_initiative_name,simpfy_projects_vw.corp_initiative_name,simpfy_projects_vw.corp_initiative_name,simpfy_projects_vw.corp_initiative_name,,Source Column
Simpfy_project_96010eb4/6929f53de6931bff5e33/Visual11_slicer/simpfy_projects_vw_start_year,simpfy_projects_vw.start_year,simpfy_projects_vw.start_year,simpfy_projects_vw.start_year,simpfy_projects_vw.start_year,,Source Column
Simpfy_project_96010eb4/6929f53de6931bff5e33/Visual12_slicer/simpfy_projects_vw_segment_name,simpfy_projects_vw.segment_name,simpfy_projects_vw.segment_name,simpfy_projects_vw.segment_name,simpfy_projects_vw.segment_name,,Source Column
Simpfy_project_96010eb4/6929f53de6931bff5e33/Visual13_slicer/simpfy_projects_vw_project_country,simpfy_projects_vw.project_country,simpfy_projects_vw.project_country,simpfy_projects_vw.project_country,simpfy_projects_vw.project_country,,Source Column
Simpfy_project_96010eb4/6929f53de6931bff5e33/Visual14_slicer/simpfy_challenges_vw_risk_level,simpfy_challenges_vw.risk_level,simpfy_challenges_vw.risk_level,simpfy_challenges_vw.risk_level,simpfy_challenges_vw.risk_level,,Source Column
Simpfy_project_96010eb4/6929f53de6931bff5e33/Visual15_slicer/simpfy_challenges_vw_challange_partner,simpfy_challenges_vw.challange_partner,simpfy_challenges_vw.challange_partner,simpfy_challenges_vw.challange_partner,simpfy_challenges_vw.challange_partner,,Source Column
Simpfy_project_96010eb4/6929f53de6931bff5e33/Visual16_slicer/simpfy_challenges_vw_segment_name,simpfy_challenges_vw.segment_name,simpfy_challenges_vw.segment_name,simpfy_challenges_vw.segment_name,simpfy_challenges_vw.segment_name,,Source Column
Simpfy_project_96010eb4/6929f53de6931bff5e33/Visual17_slicer/simpfy_challenges_vw_Status,simpfy_challenges_vw.Status,simpfy_challenges_vw.Status,simpfy_challenges_vw.Status,simpfy_challenges_vw.Status,,Source Column
Simpfy_project_96010eb4/6929f53de6931bff5e33/Visual18_slicer/Unique_Projects_project_name,Unique_Projects.project_name,Unique_Projects.project_name,Unique_Projects.project_name,Unique_Projects.project_name,,Source Column
Simpfy_project_96010eb4/6929f53de6931bff5e33/Visual19_slicer/simpfy_challenges_vw_Challenge_status,simpfy_challenges_vw.Challenge status,simpfy_challenges_vw.Challenge status,simpfy_challenges_vw.Challenge status,simpfy_challenges_vw.Challenge status,,Source Column
Simpfy_project_96010eb4/26e9916ec1b8d2294cee/Visual1_tableEx/simpfy_projects_vw_segment_name,simpfy_projects_vw.segment_name,simpfy_projects_vw.segment_name,simpfy_projects_vw.segment_name,simpfy_projects_vw.segment_name,,Source Column
Simpfy_project_96010eb4/26e9916ec1b8d2294cee/Visual1_tableEx/simpfy_projects_vw_segment_initiative_name,simpfy_projects_vw.segment_initiative_name,simpfy_projects_vw.segment_initiative_name,simpfy_projects_vw.segment_initiative_name,simpfy_projects_vw.segment_initiative_name,,Source Column
Simpfy_project_96010eb4/26e9916ec1b8d2294cee/Visual2_slicer/simpfy_projects_vw_project_country,simpfy_projects_vw.project_country,simpfy_projects_vw.project_country,simpfy_projects_vw.project_country,simpfy_projects_vw.project_country,,Source Column
Simpfy_project_96010eb4/26e9916ec1b8d2294cee/Visual3_slicer/simpfy_projects_vw_segment_name,simpfy_projects_vw.segment_name,simpfy_projects_vw.segment_name,simpfy_projects_vw.segment_name,simpfy_projects_vw.segment_name,,Source Column
Simpfy_project_96010eb4/26e9916ec1b8d2294cee/Visual4_slicer/simpfy_projects_vw_start_year,simpfy_projects_vw.start_year,simpfy_projects_vw.start_year,simpfy_projects_vw.start_year,simpfy_projects_vw.start_year,,Source Column
Simpfy_project_96010eb4/26e9916ec1b8d2294cee/Visual5_slicer/simpfy_projects_vw_corp_initiative_name,simpfy_projects_vw.corp_initiative_name,simpfy_projects_vw.corp_initiative_name,simpfy_projects_vw.corp_initiative_name,simpfy_projects_vw.corp_initiative_name,,Source Column
Simpfy_project_96010eb4/26e9916ec1b8d2294cee/Visual6_slicer/simpfy_projects_vw_Enablers,simpfy_projects_vw.Enablers,simpfy_projects_vw.Enablers,simpfy_projects_vw.Enablers,simpfy_projects_vw.Enablers,,Source Column
Simpfy_project_96010eb4/26e9916ec1b8d2294cee/Visual7_slicer/simpfy_projects_vw_Pillars,simpfy_projects_vw.Pillars,simpfy_projects_vw.Pillars,simpfy_projects_vw.Pillars,simpfy_projects_vw.Pillars,,Source Column
Simpfy_project_96010eb4/559834161b2ed9207434/Visual1_slicer/simpfy_projects_vw_corp_initiative_name,simpfy_projects_vw.corp_initiative_name,simpfy_projects_vw.corp_initiative_name,simpfy_projects_vw.corp_initiative_name,simpfy_projects_vw.corp_initiative_name,,Source Column
Simpfy_project_96010eb4/559834161b2ed9207434/Visual2_slicer/simpfy_projects_vw_project_country,simpfy_projects_vw.project_country,simpfy_projects_vw.project_country,simpfy_projects_vw.project_country,simpfy_projects_vw.project_country,,Source Column
Simpfy_project_96010eb4/559834161b2ed9207434/Visual3_slicer/simpfy_projects_vw_segment_name,simpfy_projects_vw.segment_name,simpfy_projects_vw.segment_name,simpfy_projects_vw.segment_name,simpfy_projects_vw.segment_name,,Source Column
Simpfy_project_96010eb4/559834161b2ed9207434/Visual4_tableEx/simpfy_projects_vw_milestone_name,simpfy_projects_vw.milestone_name,simpfy_projects_vw.milestone_name,simpfy_projects_vw.milestone_name,simpfy_projects_vw.milestone_name,,Source Column
Simpfy_project_96010eb4/559834161b2ed9207434/Visual4_tableEx/simpfy_projects_vw_milestone_description,simpfy_projects_vw.milestone_description,simpfy_projects_vw.milestone_description,simpfy_projects_vw.milestone_description,simpfy_projects_vw.milestone_description,,Source Column
Simpfy_project_96010eb4/559834161b2ed9207434/Visual4_tableEx/simpfy_projects_vw_segment_name,simpfy_projects_vw.segment_name,simpfy_projects_vw.segment_name,simpfy_projects_vw.segment_name,simpfy_projects_vw.segment_name,,Source Column
Simpfy_project_96010eb4/559834161b2ed9207434/Visual4_tableEx/simpfy_projects_vw_project_name,simpfy_projects_vw.project_name,simpfy_projects_vw.project_name,simpfy_projects_vw.project_name,simpfy_projects_vw.project_name,,Source Column
Simpfy_project_96010eb4/559834161b2ed9207434/Visual4_tableEx/simpfy_projects_vw_milestone_target_date,simpfy_projects_vw.milestone_target_date,simpfy_projects_vw.milestone_target_date,simpfy_projects_vw.milestone_target_date,simpfy_projects_vw.milestone_target_date,,Source Column
Simpfy_project_96010eb4/559834161b2ed9207434/Visual4_tableEx/simpfy_projects_vw_start_year,simpfy_projects_vw.start_year,simpfy_projects_vw.start_year,simpfy_projects_vw.start_year,simpfy_projects_vw.start_year,,Source Column
Simpfy_project_96010eb4/559834161b2ed9207434/Visual4_tableEx/simpfy_projects_vw_end_year,simpfy_projects_vw.end_year,simpfy_projects_vw.end_year,simpfy_projects_vw.end_year,simpfy_projects_vw.end_year,,Source Column
Simpfy_project_96010eb4/559834161b2ed9207434/Visual4_tableEx/simpfy_projects_vw_general_impact_summary,simpfy_projects_vw.general_impact_summary,simpfy_projects_vw.general_impact_summary,simpfy_projects_vw.general_impact_summary,simpfy_projects_vw.general_impact_summary,,Source Column
Simpfy_project_96010eb4/559834161b2ed9207434/Visual4_tableEx/simpfy_projects_vw_milestone_completion_date,simpfy_projects_vw.milestone_completion_date,simpfy_projects_vw.milestone_completion_date,simpfy_projects_vw.milestone_completion_date,simpfy_projects_vw.milestone_completion_date,,Source Column
Simpfy_project_96010eb4/559834161b2ed9207434/Visual4_tableEx/simpfy_projects_vw_milestone_status,simpfy_projects_vw.milestone_status,simpfy_projects_vw.milestone_status,simpfy_projects_vw.milestone_status,simpfy_projects_vw.milestone_status,,Source Column
Simpfy_project_96010eb4/559834161b2ed9207434/Visual4_tableEx/simpfy_projects_vw_milestone_reason_for_delay,simpfy_projects_vw.milestone_reason_for_delay,simpfy_projects_vw.milestone_reason_for_delay,simpfy_projects_vw.milestone_reason_for_delay,simpfy_projects_vw.milestone_reason_for_delay,,Source Column
Simpfy_project_96010eb4/ds_simpfy_projects_vw/milestone_reason_for_delay,milestone_reason_for_delay,milestone_reason_for_delay,milestone_reason_for_delay,milestone_reason_for_delay,,Source Column
Simpfy_project_96010eb4/559834161b2ed9207434/Visual4_tableEx/simpfy_projects_vw_End_date,simpfy_projects_vw.End date,simpfy_projects_vw.End date,simpfy_projects_vw.End date,simpfy_projects_vw.End date,,Source Column
Simpfy_project_96010eb4/ds_simpfy_projects_vw/End_date,End date,End date,End date,End date,,Source Column
Simpfy_project_96010eb4/559834161b2ed9207434/Visual4_tableEx/simpfy_projects_vw_Start_date,simpfy_projects_vw.Start date,simpfy_projects_vw.Start date,simpfy_projects_vw.Start date,simpfy_projects_vw.Start date,,Source Column
Simpfy_project_96010eb4/ds_simpfy_projects_vw/Start_date,Start date,Start date,Start date,Start date,,Source Column
Simpfy_project_96010eb4/559834161b2ed9207434/Visual4_tableEx/LastMilestonesTable_LastMilestoneStatus,LastMilestonesTable.LastMilestoneStatus,LastMilestonesTable.LastMilestoneStatus,LastMilestonesTable.LastMilestoneStatus,LastMilestonesTable.LastMilestoneStatus,,Source Column
Simpfy_project_96010eb4/559834161b2ed9207434/Visual4_tableEx/simpfy_projects_vw_segment_initiative_name,simpfy_projects_vw.segment_initiative_name,simpfy_projects_vw.segment_initiative_name,simpfy_projects_vw.segment_initiative_name,simpfy_projects_vw.segment_initiative_name,,Source Column
Simpfy_project_96010eb4/559834161b2ed9207434/Visual4_tableEx/simpfy_projects_vw_business_unit_name,simpfy_projects_vw.business_unit_name,simpfy_projects_vw.business_unit_name,simpfy_projects_vw.business_unit_name,simpfy_projects_vw.business_unit_name,,Source Column
Simpfy_project_96010eb4/559834161b2ed9207434/Visual4_tableEx/simpfy_projects_vw_corp_initiative_name,simpfy_projects_vw.corp_initiative_name,simpfy_projects_vw.corp_initiative_name,simpfy_projects_vw.corp_initiative_name,simpfy_projects_vw.corp_initiative_name,,Source Column
Simpfy_project_96010eb4/559834161b2ed9207434/Visual4_tableEx/simpfy_projects_vw_milestone_impact,simpfy_projects_vw.milestone_impact,simpfy_projects_vw.milestone_impact,simpfy_projects_vw.milestone_impact,simpfy_projects_vw.milestone_impact,,Source Column
Simpfy_project_96010eb4/ds_simpfy_projects_vw/milestone_impact,milestone_impact,milestone_impact,milestone_impact,milestone_impact,,Source Column
Simpfy_project_96010eb4/559834161b2ed9207434/Visual5_slicer/simpfy_projects_vw_project_name,simpfy_projects_vw.project_name,simpfy_projects_vw.project_name,simpfy_projects_vw.project_name,simpfy_projects_vw.project_name,,Source Column
Simpfy_project_96010eb4/559834161b2ed9207434/Visual6_slicer/simpfy_projects_vw_start_year,simpfy_projects_vw.start_year,simpfy_projects_vw.start_year,simpfy_projects_vw.start_year,simpfy_projects_vw.start_year,,Source Column
Simpfy_project_96010eb4/559834161b2ed9207434/Visual7_tableEx/simpfy_projects_vw_Milestone_count_on_track,simpfy_projects_vw.Milestone_count on track,simpfy_projects_vw.Milestone_count on track,simpfy_projects_vw.Milestone_count on track,simpfy_projects_vw.Milestone_count on track,,Measure
Simpfy_project_96010eb4/ds_simpfy_projects_vw/Milestone_count_on_track,Milestone_count on track,Milestone_count on track,Milestone_count on track,Milestone_count on track,,Measure
Simpfy_project_96010eb4/559834161b2ed9207434/Visual8_slicer/simpfy_projects_vw_segment_initiative_name,simpfy_projects_vw.segment_initiative_name,simpfy_projects_vw.segment_initiative_name,simpfy_projects_vw.segment_initiative_name,simpfy_projects_vw.segment_initiative_name,,Source Column
Simpfy_project_96010eb4/559834161b2ed9207434/Visual9_card/Min_simpfy_projects_vw_project_name,Min(simpfy_projects_vw.project_name),Min(simpfy_projects_vw.project_name),Min(simpfy_projects_vw.project_name),Min(simpfy_projects_vw.project_name),,Measure
Simpfy_project_96010eb4/559834161b2ed9207434/Visual10_card/CountNonNull_simpfy_projects_vw_milestone_id,CountNonNull(simpfy_projects_vw.milestone_id),CountNonNull(simpfy_projects_vw.milestone_id),CountNonNull(simpfy_projects_vw.milestone_id),CountNonNull(simpfy_projects_vw.milestone_id),,Measure
Simpfy_project_96010eb4/ds_simpfy_projects_vw/milestone_id,milestone_id,milestone_id,milestone_id,milestone_id,,Measure
Simpfy_project_96010eb4/559834161b2ed9207434/Visual11_slicer/simpfy_projects_vw_Milestone_target_date,simpfy_projects_vw.Milestone target date,simpfy_projects_vw.Milestone target date,simpfy_projects_vw.Milestone target date,simpfy_projects_vw.Milestone target date,,Source Column
Simpfy_project_96010eb4/ds_simpfy_projects_vw/Milestone_target_date,Milestone target date,Milestone target date,Milestone target date,Milestone target date,,Source Column
Simpfy_project_96010eb4/559834161b2ed9207434/Visual12_slicer/simpfy_projects_vw_project_name,simpfy_projects_vw.project_name,simpfy_projects_vw.project_name,simpfy_projects_vw.project_name,simpfy_projects_vw.project_name,,Source Column
Simpfy_project_96010eb4/559834161b2ed9207434/Visual13_tableEx/simpfy_projects_vw_Milestone_count_delayed,simpfy_projects_vw.Milestone_count delayed,simpfy_projects_vw.Milestone_count delayed,simpfy_projects_vw.Milestone_count delayed,simpfy_projects_vw.Milestone_count delayed,,Measure
Simpfy_project_96010eb4/ds_simpfy_projects_vw/Milestone_count_delayed,Milestone_count delayed,Milestone_count delayed,Milestone_count delayed,Milestone_count delayed,,Measure
Simpfy_project_96010eb4/559834161b2ed9207434/Visual14_tableEx/simpfy_projects_vw_Milestone_count_on_track,simpfy_projects_vw.Milestone_count on track,simpfy_projects_vw.Milestone_count on track,simpfy_projects_vw.Milestone_count on track,simpfy_projects_vw.Milestone_count on track,,Measure
Simpfy_project_96010eb4/559834161b2ed9207434/Visual15_tableEx/simpfy_projects_vw_Milestone_count_delayed,simpfy_projects_vw.Milestone_count delayed,simpfy_projects_vw.Milestone_count delayed,simpfy_projects_vw.Milestone_count delayed,simpfy_projects_vw.Milestone_count delayed,,Measure
Simpfy_project_96010eb4/559834161b2ed9207434/Visual16_tableEx/simpfy_projects_vw_Milestone_count_on_track,simpfy_projects_vw.Milestone_count on track,simpfy_projects_vw.Milestone_count on track,simpfy_projects_vw.Milestone_count on track,simpfy_projects_vw.Milestone_count on track,,Measure
Simpfy_project_96010eb4/559834161b2ed9207434/Visual17_tableEx/simpfy_projects_vw_Milestone_count_delayed,simpfy_projects_vw.Milestone_count delayed,simpfy_projects_vw.Milestone_count delayed,simpfy_projects_vw.Milestone_count delayed,simpfy_projects_vw.Milestone_count delayed,,Measure
Simpfy_project_96010eb4/559834161b2ed9207434/Visual18_tableEx/simpfy_projects_vw_Milestone_count_finished_on_time,simpfy_projects_vw.Milestone_count finished on time,simpfy_projects_vw.Milestone_count finished on time,simpfy_projects_vw.Milestone_count finished on time,simpfy_projects_vw.Milestone_count finished on time,,Measure
Simpfy_project_96010eb4/ds_simpfy_projects_vw/Milestone_count_finished_on_time,Milestone_count finished on time,Milestone_count finished on time,Milestone_count finished on time,Milestone_count finished on time,,Measure
Simpfy_project_96010eb4/559834161b2ed9207434/Visual19_tableEx/simpfy_projects_vw_Milestone_count_finished_on_time,simpfy_projects_vw.Milestone_count finished on time,simpfy_projects_vw.Milestone_count finished on time,simpfy_projects_vw.Milestone_count finished on time,simpfy_projects_vw.Milestone_count finished on time,,Measure
Simpfy_project_96010eb4/559834161b2ed9207434/Visual20_tableEx/simpfy_projects_vw_Milestone_count_on_track,simpfy_projects_vw.Milestone_count on track,simpfy_projects_vw.Milestone_count on track,simpfy_projects_vw.Milestone_count on track,simpfy_projects_vw.Milestone_count on track,,Measure
Simpfy_project_96010eb4/559834161b2ed9207434/Visual21_tableEx/simpfy_projects_vw_Milestone_count_delayed,simpfy_projects_vw.Milestone_count delayed,simpfy_projects_vw.Milestone_count delayed,simpfy_projects_vw.Milestone_count delayed,simpfy_projects_vw.Milestone_count delayed,,Measure
Simpfy_project_96010eb4/559834161b2ed9207434/Visual22_tableEx/simpfy_projects_vw_Milestone_count_finished_on_time,simpfy_projects_vw.Milestone_count finished on time,simpfy_projects_vw.Milestone_count finished on time,simpfy_projects_vw.Milestone_count finished on time,simpfy_projects_vw.Milestone_count finished on time,,Measure
Simpfy_project_96010eb4/559834161b2ed9207434/Visual23_tableEx/simpfy_projects_vw_Milestone_count_finished_with_delay,simpfy_projects_vw.Milestone_count finished with delay,simpfy_projects_vw.Milestone_count finished with delay,simpfy_projects_vw.Milestone_count finished with delay,simpfy_projects_vw.Milestone_count finished with delay,,Measure
Simpfy_project_96010eb4/ds_simpfy_projects_vw/Milestone_count_finished_with_delay,Milestone_count finished with delay,Milestone_count finished with delay,Milestone_count finished with delay,Milestone_count finished with delay,,Measure
Simpfy_project_96010eb4/559834161b2ed9207434/Visual24_tableEx/simpfy_projects_vw_Milestone_count_finished_with_delay,simpfy_projects_vw.Milestone_count finished with delay,simpfy_projects_vw.Milestone_count finished with delay,simpfy_projects_vw.Milestone_count finished with delay,simpfy_projects_vw.Milestone_count finished with delay,,Measure
Simpfy_project_96010eb4/559834161b2ed9207434/Visual25_tableEx/simpfy_projects_vw_Milestone_count_finished_with_delay,simpfy_projects_vw.Milestone_count finished with delay,simpfy_projects_vw.Milestone_count finished with delay,simpfy_projects_vw.Milestone_count finished with delay,simpfy_projects_vw.Milestone_count finished with delay,,Measure
Simpfy_project_96010eb4/559834161b2ed9207434/Visual26_tableEx/simpfy_projects_vw_Milestone_count_finished_with_delay,simpfy_projects_vw.Milestone_count finished with delay,simpfy_projects_vw.Milestone_count finished with delay,simpfy_projects_vw.Milestone_count finished with delay,simpfy_projects_vw.Milestone_count finished with delay,,Measure
Simpfy_project_96010eb4/559834161b2ed9207434/Visual27_tableEx/simpfy_projects_vw_Milestone_count_finished_on_time,simpfy_projects_vw.Milestone_count finished on time,simpfy_projects_vw.Milestone_count finished on time,simpfy_projects_vw.Milestone_count finished on time,simpfy_projects_vw.Milestone_count finished on time,,Measure
Simpfy_project_96010eb4/559834161b2ed9207434/Visual28_tableEx/simpfy_projects_vw_Quarter_Milestone,simpfy_projects_vw.Quarter Milestone,simpfy_projects_vw.Quarter Milestone,simpfy_projects_vw.Quarter Milestone,simpfy_projects_vw.Quarter Milestone,,Source Column
Simpfy_project_96010eb4/ds_simpfy_projects_vw/Quarter_Milestone,Quarter Milestone,Quarter Milestone,Quarter Milestone,Quarter Milestone,,Source Column
Simpfy_project_96010eb4/559834161b2ed9207434/Visual29_tableEx/simpfy_projects_vw_Quarter_Milestone,simpfy_projects_vw.Quarter Milestone,simpfy_projects_vw.Quarter Milestone,simpfy_projects_vw.Quarter Milestone,simpfy_projects_vw.Quarter Milestone,,Source Column
Simpfy_project_96010eb4/559834161b2ed9207434/Visual30_tableEx/simpfy_projects_vw_Quarter_Milestone,simpfy_projects_vw.Quarter Milestone,simpfy_projects_vw.Quarter Milestone,simpfy_projects_vw.Quarter Milestone,simpfy_projects_vw.Quarter Milestone,,Source Column
Simpfy_project_96010eb4/559834161b2ed9207434/Visual31_tableEx/simpfy_projects_vw_Quarter_Milestone,simpfy_projects_vw.Quarter Milestone,simpfy_projects_vw.Quarter Milestone,simpfy_projects_vw.Quarter Milestone,simpfy_projects_vw.Quarter Milestone,,Source Column
Simpfy_project_96010eb4/ef7f5dfd961cb25b6000/Visual1_tableEx/simpfy_projects_vw_KPI_Display,simpfy_projects_vw.KPI_Display,simpfy_projects_vw.KPI_Display,simpfy_projects_vw.KPI_Display,simpfy_projects_vw.KPI_Display,,Measure
Simpfy_project_96010eb4/ds_simpfy_projects_vw/KPI_Display,KPI_Display,KPI_Display,KPI_Display,KPI_Display,,Measure
Simpfy_project_96010eb4/ef7f5dfd961cb25b6000/Visual1_tableEx/simpfy_projects_vw_project_name,simpfy_projects_vw.project_name,simpfy_projects_vw.project_name,simpfy_projects_vw.project_name,simpfy_projects_vw.project_name,,Source Column
Simpfy_project_96010eb4/ef7f5dfd961cb25b6000/Visual1_tableEx/simpfy_projects_vw_segment_name,simpfy_projects_vw.segment_name,simpfy_projects_vw.segment_name,simpfy_projects_vw.segment_name,simpfy_projects_vw.segment_name,,Source Column
Simpfy_project_96010eb4/ef7f5dfd961cb25b6000/Visual1_tableEx/simpfy_kpi_value_Name,simpfy_kpi_value.Name,simpfy_kpi_value.Name,simpfy_kpi_value.Name,simpfy_kpi_value.Name,,Source Column
Simpfy_project_96010eb4/ds_simpfy_kpi_value/Name,Name,Name,Name,Name,,Source Column
Simpfy_project_96010eb4/ef7f5dfd961cb25b6000/Visual2_slicer/simpfy_projects_vw_project_name,simpfy_projects_vw.project_name,simpfy_projects_vw.project_name,simpfy_projects_vw.project_name,simpfy_projects_vw.project_name,,Source Column
Simpfy_project_96010eb4/d477111cd0a27a3c36c7/Visual1_tableEx/simpfy_projects_vw_milestone_name,simpfy_projects_vw.milestone_name,simpfy_projects_vw.milestone_name,simpfy_projects_vw.milestone_name,simpfy_projects_vw.milestone_name,,Source Column
Simpfy_project_96010eb4/d477111cd0a27a3c36c7/Visual1_tableEx/simpfy_projects_vw_milestone_description,simpfy_projects_vw.milestone_description,simpfy_projects_vw.milestone_description,simpfy_projects_vw.milestone_description,simpfy_projects_vw.milestone_description,,Source Column
Simpfy_project_96010eb4/d477111cd0a27a3c36c7/Visual1_tableEx/simpfy_projects_vw_milestone_target_date_Variation_Date_Hierarchy_Year,simpfy_projects_vw.milestone_target_date.Variation.Date Hierarchy.Year,simpfy_projects_vw.milestone_target_date.Variation.Date Hierarchy.Year,simpfy_projects_vw.milestone_target_date.Variation.Date Hierarchy.Year,simpfy_projects_vw.milestone_target_date.Variation.Date Hierarchy.Year,,Source Column
Simpfy_project_96010eb4/d477111cd0a27a3c36c7/Visual1_tableEx/simpfy_projects_vw_milestone_status,simpfy_projects_vw.milestone_status,simpfy_projects_vw.milestone_status,simpfy_projects_vw.milestone_status,simpfy_projects_vw.milestone_status,,Source Column
Simpfy_project_96010eb4/d477111cd0a27a3c36c7/Visual1_tableEx/simpfy_projects_vw_milestone_completion_date,simpfy_projects_vw.milestone_completion_date,simpfy_projects_vw.milestone_completion_date,simpfy_projects_vw.milestone_completion_date,simpfy_projects_vw.milestone_completion_date,,Source Column
Simpfy_project_96010eb4/d477111cd0a27a3c36c7/Visual1_tableEx/simpfy_projects_vw_project_name,simpfy_projects_vw.project_name,simpfy_projects_vw.project_name,simpfy_projects_vw.project_name,simpfy_projects_vw.project_name,,Source Column
Simpfy_project_96010eb4/a923b0a203ae3c7caca4/Visual1_tableEx/simpfy_projects_vw_segment_name,simpfy_projects_vw.segment_name,simpfy_projects_vw.segment_name,simpfy_projects_vw.segment_name,simpfy_projects_vw.segment_name,,Source Column
Simpfy_project_96010eb4/a923b0a203ae3c7caca4/Visual1_tableEx/simpfy_projects_vw_project_name,simpfy_projects_vw.project_name,simpfy_projects_vw.project_name,simpfy_projects_vw.project_name,simpfy_projects_vw.project_name,,Source Column
Simpfy_project_96010eb4/a923b0a203ae3c7caca4/Visual1_tableEx/simpfy_projects_vw_description,simpfy_projects_vw.description,simpfy_projects_vw.description,simpfy_projects_vw.description,simpfy_projects_vw.description,,Source Column
Simpfy_project_96010eb4/a923b0a203ae3c7caca4/Visual1_tableEx/simpfy_projects_vw_general_impact_summary,simpfy_projects_vw.general_impact_summary,simpfy_projects_vw.general_impact_summary,simpfy_projects_vw.general_impact_summary,simpfy_projects_vw.general_impact_summary,,Source Column
Simpfy_project_96010eb4/a923b0a203ae3c7caca4/Visual1_tableEx/simpfy_projects_vw_total_cost,simpfy_projects_vw.total_cost,simpfy_projects_vw.total_cost,simpfy_projects_vw.total_cost,simpfy_projects_vw.total_cost,,Source Column
Simpfy_project_96010eb4/a923b0a203ae3c7caca4/Visual1_tableEx/simpfy_projects_vw_project_stage,simpfy_projects_vw.project_stage,simpfy_projects_vw.project_stage,simpfy_projects_vw.project_stage,simpfy_projects_vw.project_stage,,Source Column
Simpfy_project_96010eb4/a923b0a203ae3c7caca4/Visual1_tableEx/simpfy_projects_vw_key_areas_of_concern,simpfy_projects_vw.key_areas_of_concern,simpfy_projects_vw.key_areas_of_concern,simpfy_projects_vw.key_areas_of_concern,simpfy_projects_vw.key_areas_of_concern,,Source Column
Simpfy_project_96010eb4/a923b0a203ae3c7caca4/Visual1_tableEx/LastMilestonesTable_LastMilestoneStatus,LastMilestonesTable.LastMilestoneStatus,LastMilestonesTable.LastMilestoneStatus,LastMilestonesTable.LastMilestoneStatus,LastMilestonesTable.LastMilestoneStatus,,Source Column
Simpfy_project_96010eb4/a923b0a203ae3c7caca4/Visual2_slicer/simpfy_projects_vw_project_country,simpfy_projects_vw.project_country,simpfy_projects_vw.project_country,simpfy_projects_vw.project_country,simpfy_projects_vw.project_country,,Source Column
Simpfy_project_96010eb4/a923b0a203ae3c7caca4/Visual3_slicer/simpfy_projects_vw_segment_name,simpfy_projects_vw.segment_name,simpfy_projects_vw.segment_name,simpfy_projects_vw.segment_name,simpfy_projects_vw.segment_name,,Source Column
Simpfy_project_96010eb4/a923b0a203ae3c7caca4/Visual4_slicer/simpfy_projects_vw_start_year,simpfy_projects_vw.start_year,simpfy_projects_vw.start_year,simpfy_projects_vw.start_year,simpfy_projects_vw.start_year,,Source Column
Simpfy_project_96010eb4/a923b0a203ae3c7caca4/Visual5_slicer/simpfy_projects_vw_corp_initiative_name,simpfy_projects_vw.corp_initiative_name,simpfy_projects_vw.corp_initiative_name,simpfy_projects_vw.corp_initiative_name,simpfy_projects_vw.corp_initiative_name,,Source Column
Simpfy_project_96010eb4/a923b0a203ae3c7caca4/Visual6_slicer/simpfy_projects_vw_Enablers,simpfy_projects_vw.Enablers,simpfy_projects_vw.Enablers,simpfy_projects_vw.Enablers,simpfy_projects_vw.Enablers,,Source Column
Simpfy_project_96010eb4/a923b0a203ae3c7caca4/Visual7_slicer/simpfy_projects_vw_Pillars,simpfy_projects_vw.Pillars,simpfy_projects_vw.Pillars,simpfy_projects_vw.Pillars,simpfy_projects_vw.Pillars,,Source Column
Simpfy_project_96010eb4/beef0fdda40043206804/Visual1_tableEx/simpfy_challenges_vw_segment_name,simpfy_challenges_vw.segment_name,simpfy_challenges_vw.segment_name,simpfy_challenges_vw.segment_name,simpfy_challenges_vw.segment_name,,Source Column
Simpfy_project_96010eb4/beef0fdda40043206804/Visual1_tableEx/simpfy_challenges_vw_title,simpfy_challenges_vw.title,simpfy_challenges_vw.title,simpfy_challenges_vw.title,simpfy_challenges_vw.title,,Source Column
Simpfy_project_96010eb4/beef0fdda40043206804/Visual1_tableEx/simpfy_challenges_vw_description,simpfy_challenges_vw.description,simpfy_challenges_vw.description,simpfy_challenges_vw.description,simpfy_challenges_vw.description,,Source Column
Simpfy_project_96010eb4/beef0fdda40043206804/Visual1_tableEx/simpfy_challenges_vw_potential_impact,simpfy_challenges_vw.potential_impact,simpfy_challenges_vw.potential_impact,simpfy_challenges_vw.potential_impact,simpfy_challenges_vw.potential_impact,,Source Column
Simpfy_project_96010eb4/beef0fdda40043206804/Visual1_tableEx/simpfy_challenges_vw_planned_actions,simpfy_challenges_vw.planned_actions,simpfy_challenges_vw.planned_actions,simpfy_challenges_vw.planned_actions,simpfy_challenges_vw.planned_actions,,Source Column
Simpfy_project_96010eb4/beef0fdda40043206804/Visual1_tableEx/simpfy_challenges_vw_risk_level,simpfy_challenges_vw.risk_level,simpfy_challenges_vw.risk_level,simpfy_challenges_vw.risk_level,simpfy_challenges_vw.risk_level,,Source Column
Simpfy_project_96010eb4/beef0fdda40043206804/Visual1_tableEx/simpfy_challenges_vw_CombinedResolutionPartners2,simpfy_challenges_vw.CombinedResolutionPartners2,simpfy_challenges_vw.CombinedResolutionPartners2,simpfy_challenges_vw.CombinedResolutionPartners2,simpfy_challenges_vw.CombinedResolutionPartners2,,Source Column
Simpfy_project_96010eb4/beef0fdda40043206804/Visual2_slicer/simpfy_projects_vw_Pillars,simpfy_projects_vw.Pillars,simpfy_projects_vw.Pillars,simpfy_projects_vw.Pillars,simpfy_projects_vw.Pillars,,Source Column
Simpfy_project_96010eb4/beef0fdda40043206804/Visual3_slicer/simpfy_projects_vw_Enablers,simpfy_projects_vw.Enablers,simpfy_projects_vw.Enablers,simpfy_projects_vw.Enablers,simpfy_projects_vw.Enablers,,Source Column
Simpfy_project_96010eb4/beef0fdda40043206804/Visual4_slicer/simpfy_projects_vw_corp_initiative_name,simpfy_projects_vw.corp_initiative_name,simpfy_projects_vw.corp_initiative_name,simpfy_projects_vw.corp_initiative_name,simpfy_projects_vw.corp_initiative_name,,Source Column
Simpfy_project_96010eb4/beef0fdda40043206804/Visual5_slicer/simpfy_projects_vw_start_year,simpfy_projects_vw.start_year,simpfy_projects_vw.start_year,simpfy_projects_vw.start_year,simpfy_projects_vw.start_year,,Source Column
Simpfy_project_96010eb4/beef0fdda40043206804/Visual6_slicer/simpfy_projects_vw_segment_name,simpfy_projects_vw.segment_name,simpfy_projects_vw.segment_name,simpfy_projects_vw.segment_name,simpfy_projects_vw.segment_name,,Source Column
Simpfy_project_96010eb4/beef0fdda40043206804/Visual7_slicer/simpfy_projects_vw_project_country,simpfy_projects_vw.project_country,simpfy_projects_vw.project_country,simpfy_projects_vw.project_country,simpfy_projects_vw.project_country,,Source Column
Simpfy_project_96010eb4/7134b50a2d7c3644c43c/Visual1_tableEx/simpfy_projects_vw_segment_name,simpfy_projects_vw.segment_name,simpfy_projects_vw.segment_name,simpfy_projects_vw.segment_name,simpfy_projects_vw.segment_name,,Source Column
Simpfy_project_96010eb4/7134b50a2d7c3644c43c/Visual1_tableEx/simpfy_projects_vw_segment_initiative_name,simpfy_projects_vw.segment_initiative_name,simpfy_projects_vw.segment_initiative_name,simpfy_projects_vw.segment_initiative_name,simpfy_projects_vw.segment_initiative_name,,Source Column
Simpfy_project_96010eb4/7134b50a2d7c3644c43c/Visual2_slicer/simpfy_projects_vw_project_country,simpfy_projects_vw.project_country,simpfy_projects_vw.project_country,simpfy_projects_vw.project_country,simpfy_projects_vw.project_country,,Source Column
Simpfy_project_96010eb4/7134b50a2d7c3644c43c/Visual3_slicer/simpfy_projects_vw_segment_name,simpfy_projects_vw.segment_name,simpfy_projects_vw.segment_name,simpfy_projects_vw.segment_name,simpfy_projects_vw.segment_name,,Source Column
Simpfy_project_96010eb4/7134b50a2d7c3644c43c/Visual4_slicer/simpfy_projects_vw_start_year,simpfy_projects_vw.start_year,simpfy_projects_vw.start_year,simpfy_projects_vw.start_year,simpfy_projects_vw.start_year,,Source Column
Simpfy_project_96010eb4/7134b50a2d7c3644c43c/Visual5_slicer/simpfy_projects_vw_corp_initiative_name,simpfy_projects_vw.corp_initiative_name,simpfy_projects_vw.corp_initiative_name,simpfy_projects_vw.corp_initiative_name,simpfy_projects_vw.corp_initiative_name,,Source Column
Simpfy_project_96010eb4/7134b50a2d7c3644c43c/Visual6_slicer/simpfy_projects_vw_Enablers,simpfy_projects_vw.Enablers,simpfy_projects_vw.Enablers,simpfy_projects_vw.Enablers,simpfy_projects_vw.Enablers,,Source Column
Simpfy_project_96010eb4/7134b50a2d7c3644c43c/Visual7_slicer/simpfy_projects_vw_Pillars,simpfy_projects_vw.Pillars,simpfy_projects_vw.Pillars,simpfy_projects_vw.Pillars,simpfy_projects_vw.Pillars,,Source Column
